Workbook

Sheet About
A1: Hospital Analytics 2023 - cleaned data & measures
A2: VOLTIX Data Analyst track - Task 7
A4: Sheet | B4: Contents
A5: KPIs | B5: 19 headline measures (volume, efficiency, acuity, finance, data quality) - each with formula logic and purpose.
A6: Summary Tables | B6: Admissions, ALOS, bed-days, long-stay, severity, uninsured and billing measures by 10 dimensions.
A7: Severity x Dx | B7: Severity mix per diagnosis - shows the severity field does not line up with diagnosis or stay length.
A8: Daily Census | B8: Patients in a bed each night of 2023 - capacity view behind Avg / Peak census.
A9: Clean Data | B9: 247 cleaned admissions (Excel Table 'tblPatients') with 34 columns incl. calculated columns.
A10: Cleaning Log | B10: Every check, rows affected and action taken (duplicates, reversed dates, placeholder bills...).
A11: Data Dictionary | B11: Meaning and origin of every column.
A12: Raw Data | B12: The original sheet, unchanged, for audit.
A14: Key cleaning decisions
A15: - 1 exact duplicate removed; 29 reversed admission/discharge dates swapped (flagged in Date_Corrected).
A16: - Bills of 999 (x100) and 3852 (x95) are system placeholders: identical across every diagnosis, severity and stay length,
A17: while the 52 genuine bills rise with stay length (r = 0.64). They are blanked, not imputed; Bill_Raw keeps the original.
A18: - Unusual but possible values are flagged, not deleted (long stays for minor conditions, atypical ages).
A19: Full dashboard: Hospital_Dashboard.html. Insights: KEY_INSIGHTS.md.

Sheet KPIs
A1: Hospital performance - KPIs & measures
A2: Every value is a live formula over the 'Clean Data' sheet (247 admissions, 2023). Edit the data and they update.
A4: Area | B4: KPI / measure | C4: Value | D4: How it is calculated | E4: Why it matters (question it answers)
A5: Volume | B5: Total admissions | C5: =COUNTA('Clean Data'!$A$2:$A$248) -> 247 | D5: Count of admission records after removing the duplicate | E5: How much demand does the hospital serve?
A6: Volume | B6: Admissions per doctor | C6: =C5/SUMPRODUCT(1/COUNTIF('Clean Data'!$J$2:$J$248,'Clean Data'!$J$2:$J$248)) -> 35.285714 | D6: Admissions / number of distinct doctors | E6: Is the workload spread evenly across the 7 doctors?
A7: Volume | B7: Average daily census | C7: =(SUMPRODUCT(('Clean Data'!$M$2:$M$248<=DATE(2024,1,1))*'Clean Data'!$M$2:$M$248+('Clean Data'!$M$2:$M$248>DATE(2024,1,1))*DATE(2024,1,1))-SUMPRODUCT(('Clean Data'!$L$2:$L$248>=DATE(2023,1,1))*'Clean Data'!$L$2:$L$248+('Clean Data'!$L$2:$L$248<DATE(2023,1,1))*DATE(2023,1,1)))/365 -> 4.1589041 | D7: Occupied bed-nights inside 2023 / 365 | E7: How many beds are needed on a normal day?
A8: Volume | B8: Peak daily census | C8: =MAX('Daily Census'!B5:B383) -> 13 | D8: Highest value on the Daily Census sheet | E8: Capacity needed on the busiest night - size beds and staff for this.
A9: Efficiency | B9: Average length of stay (ALOS, days) | C9: =AVERAGE('Clean Data'!$N$2:$N$248) -> 6.2631579 | D9: Mean of Discharge - Admission | E9: Core efficiency measure: lower ALOS frees beds.
A10: Efficiency | B10: Median length of stay (days) | C10: =MEDIAN('Clean Data'!$N$2:$N$248) -> 4 | D10: Middle stay length | E10: Typical patient - the gap to ALOS shows how much long stays pull the average.
A11: Efficiency | B11: Total bed-days | C11: =SUM('Clean Data'!$N$2:$N$248) -> 1547 | D11: Sum of all stay lengths | E11: Total bed capacity consumed.
A12: Efficiency | B12: Long-stay rate (> 7 days) | C12: =COUNTIF('Clean Data'!$P$2:$P$248,TRUE())/C5 -> 0.25506073 | D12: Share of admissions with stay > 7 days | E12: How many patients become bed-blockers?
A13: Efficiency | B13: Bed-days used by 15+ day stays | C13: =SUMIF('Clean Data'!$N$2:$N$248,">=15")/C11 -> 0.34712346 | D13: Bed-days of stays >= 15 days / all bed-days | E13: How much capacity a small group of very long stays absorbs.
A14: Acuity | B14: High-severity share | C14: =COUNTIF('Clean Data'!$AB$2:$AB$248,TRUE())/C5 -> 0.36032389 | D14: Admissions marked High severity / all | E14: How acute is the case mix?
A15: Acuity | B15: Senior patients share (60+) | C15: =COUNTIF('Clean Data'!$C$2:$C$248,">=60")/C5 -> 0.36032389 | D15: Admissions aged 60+ / all | E15: Older patients stay longer - drives geriatric resource planning.
A16: Acuity | B16: Average patient age | C16: =AVERAGE('Clean Data'!$C$2:$C$248) -> 47.417004 | D16: Mean age | E16: Who the hospital mainly serves.
A17: Finance | B17: Uninsured rate | C17: =COUNTIF('Clean Data'!$Y$2:$Y$248,TRUE())/C5 -> 0.29149798 | D17: Admissions with no insurance / all | E17: Share of revenue exposed to non-payment.
A18: Finance | B18: Billing completeness | C18: =COUNT('Clean Data'!$AC$2:$AC$248)/C5 -> 0.21052632 | D18: Admissions with a genuine bill / all (999 & 3852 placeholders excluded) | E18: Can revenue be reported at all? (target: 100%)
A19: Finance | B19: Average recorded bill | C19: =AVERAGE('Clean Data'!$AC$2:$AC$248) -> 2945.2885 | D19: Mean of genuine bills only | E19: Typical charge per admission (indicative - short stays only).
A20: Finance | B20: Median bill per bed-day | C20: =MEDIAN('Clean Data'!$AF$2:$AF$248) -> 784.5 | D20: Median of Bill / Length_of_Stay on genuine bills | E20: Unit price of a bed-day - use to estimate lost revenue.
A21: Finance | B21: Total recorded billing | C21: =SUM('Clean Data'!$AC$2:$AC$248) -> 153155 | D21: Sum of genuine bills | E21: Revenue that is actually documented.
A22: Data quality | B22: Date-correction rate | C22: =COUNTIF('Clean Data'!$AG$2:$AG$248,TRUE())/C5 -> 0.11740891 | D22: Rows whose admission/discharge dates were reversed | E22: Reliability of the admission system's date entry.
A23: Data quality | B23: Records flagged for clinical review | C23: =COUNTIF('Clean Data'!$AH$2:$AH$248,"?*")/C5 -> 0.097165992 | D23: Long stay for a minor condition, or atypical age for diagnosis | E23: Coding / care-pathway audit workload.
A25: Note: 195 of 247 bills held the placeholder values 999 or 3852 (see Cleaning Log). They are excluded, so every finance KPI describes the 52 genuine bills - almost all short stays - and understates the true average charge.

Sheet Summary Tables
A1: Summary tables
A2: COUNTIFS / AVERAGEIFS / SUMIFS measures over the Clean Data sheet - one block per dimension.
A4: By diagnosis
A5: Diagnosis | B5: Admissions | C5: % of admissions | D5: ALOS (days) | E5: Bed-days | F5: % of bed-days | G5: Long-stay rate | H5: High-severity share | I5: Uninsured rate | J5: Genuine bills | K5: Avg genuine bill | L5: Clinical review flags
A6: Influenza | B6: =COUNTIFS('Clean Data'!$G$2:$G$248,$A6) -> 40 | C6: =B6/COUNTA('Clean Data'!$A$2:$A$248) -> 0.16194332 | D6: =IFERROR(AVERAGEIFS('Clean Data'!$N$2:$N$248,'Clean Data'!$G$2:$G$248,$A6),"") -> 6.275 | E6: =SUMIFS('Clean Data'!$N$2:$N$248,'Clean Data'!$G$2:$G$248,$A6) -> 251 | F6: =E6/SUM('Clean Data'!$N$2:$N$248) -> 0.16224952 | G6: =IFERROR(COUNTIFS('Clean Data'!$G$2:$G$248,$A6,'Clean Data'!$P$2:$P$248,TRUE())/B6,"") -> 0.3 | H6: =IFERROR(COUNTIFS('Clean Data'!$G$2:$G$248,$A6,'Clean Data'!$AB$2:$AB$248,TRUE())/B6,"") -> 0.325 | I6: =IFERROR(COUNTIFS('Clean Data'!$G$2:$G$248,$A6,'Clean Data'!$Y$2:$Y$248,TRUE())/B6,"") -> 0.25 | J6: =COUNTIFS('Clean Data'!$G$2:$G$248,$A6,'Clean Data'!$AC$2:$AC$248,"<>") -> 8 | K6: =IFERROR(AVERAGEIFS('Clean Data'!$AC$2:$AC$248,'Clean Data'!$G$2:$G$248,$A6),"-") -> 2560.5 | L6: =COUNTIFS('Clean Data'!$G$2:$G$248,$A6,'Clean Data'!$AH$2:$AH$248,"?*") -> 4
A7: Fractures | B7: =COUNTIFS('Clean Data'!$G$2:$G$248,$A7) -> 37 | C7: =B7/COUNTA('Clean Data'!$A$2:$A$248) -> 0.14979757 | D7: =IFERROR(AVERAGEIFS('Clean Data'!$N$2:$N$248,'Clean Data'!$G$2:$G$248,$A7),"") -> 5.1351351 | E7: =SUMIFS('Clean Data'!$N$2:$N$248,'Clean Data'!$G$2:$G$248,$A7) -> 190 | F7: =E7/SUM('Clean Data'!$N$2:$N$248) -> 0.12281836 | G7: =IFERROR(COUNTIFS('Clean Data'!$G$2:$G$248,$A7,'Clean Data'!$P$2:$P$248,TRUE())/B7,"") -> 0.13513514 | H7: =IFERROR(COUNTIFS('Clean Data'!$G$2:$G$248,$A7,'Clean Data'!$AB$2:$AB$248,TRUE())/B7,"") -> 0.27027027 | I7: =IFERROR(COUNTIFS('Clean Data'!$G$2:$G$248,$A7,'Clean Data'!$Y$2:$Y$248,TRUE())/B7,"") -> 0.24324324 | J7: =COUNTIFS('Clean Data'!$G$2:$G$248,$A7,'Clean Data'!$AC$2:$AC$248,"<>") -> 13 | K7: =IFERROR(AVERAGEIFS('Clean Data'!$AC$2:$AC$248,'Clean Data'!$G$2:$G$248,$A7),"-") -> 2799.4615 | L7: =COUNTIFS('Clean Data'!$G$2:$G$248,$A7,'Clean Data'!$AH$2:$AH$248,"?*") -> 0
A8: Chronic Allergy | B8: =COUNTIFS('Clean Data'!$G$2:$G$248,$A8) -> 34 | C8: =B8/COUNTA('Clean Data'!$A$2:$A$248) -> 0.13765182 | D8: =IFERROR(AVERAGEIFS('Clean Data'!$N$2:$N$248,'Clean Data'!$G$2:$G$248,$A8),"") -> 6.7941176 | E8: =SUMIFS('Clean Data'!$N$2:$N$248,'Clean Data'!$G$2:$G$248,$A8) -> 231 | F8: =E8/SUM('Clean Data'!$N$2:$N$248) -> 0.14932127 | G8: =IFERROR(COUNTIFS('Clean Data'!$G$2:$G$248,$A8,'Clean Data'!$P$2:$P$248,TRUE())/B8,"") -> 0.35294118 | H8: =IFERROR(COUNTIFS('Clean Data'!$G$2:$G$248,$A8,'Clean Data'!$AB$2:$AB$248,TRUE())/B8,"") -> 0.47058824 | I8: =IFERROR(COUNTIFS('Clean Data'!$G$2:$G$248,$A8,'Clean Data'!$Y$2:$Y$248,TRUE())/B8,"") -> 0.32352941 | J8: =COUNTIFS('Clean Data'!$G$2:$G$248,$A8,'Clean Data'!$AC$2:$AC$248,"<>") -> 4 | K8: =IFERROR(AVERAGEIFS('Clean Data'!$AC$2:$AC$248,'Clean Data'!$G$2:$G$248,$A8),"-") -> 1873.75 | L8: =COUNTIFS('Clean Data'!$G$2:$G$248,$A8,'Clean Data'!$AH$2:$AH$248,"?*") -> 4
A9: Common Cold | B9: =COUNTIFS('Clean Data'!$G$2:$G$248,$A9) -> 31 | C9: =B9/COUNTA('Clean Data'!$A$2:$A$248) -> 0.12550607 | D9: =IFERROR(AVERAGEIFS('Clean Data'!$N$2:$N$248,'Clean Data'!$G$2:$G$248,$A9),"") -> 7.7419355 | E9: =SUMIFS('Clean Data'!$N$2:$N$248,'Clean Data'!$G$2:$G$248,$A9) -> 240 | F9: =E9/SUM('Clean Data'!$N$2:$N$248) -> 0.15513898 | G9: =IFERROR(COUNTIFS('Clean Data'!$G$2:$G$248,$A9,'Clean Data'!$P$2:$P$248,TRUE())/B9,"") -> 0.32258065 | H9: =IFERROR(COUNTIFS('Clean Data'!$G$2:$G$248,$A9,'Clean Data'!$AB$2:$AB$248,TRUE())/B9,"") -> 0.48387097 | I9: =IFERROR(COUNTIFS('Clean Data'!$G$2:$G$248,$A9,'Clean Data'!$Y$2:$Y$248,TRUE())/B9,"") -> 0.32258065 | J9: =COUNTIFS('Clean Data'!$G$2:$G$248,$A9,'Clean Data'!$AC$2:$AC$248,"<>") -> 7 | K9: =IFERROR(AVERAGEIFS('Clean Data'!$AC$2:$AC$248,'Clean Data'!$G$2:$G$248,$A9),"-") -> 3118 | L9: =COUNTIFS('Clean Data'!$G$2:$G$248,$A9,'Clean Data'!$AH$2:$AH$248,"?*") -> 8
A10: Diabetes | B10: =COUNTIFS('Clean Data'!$G$2:$G$248,$A10) -> 28 | C10: =B10/COUNTA('Clean Data'!$A$2:$A$248) -> 0.11336032 | D10: =IFERROR(AVERAGEIFS('Clean Data'!$N$2:$N$248,'Clean Data'!$G$2:$G$248,$A10),"") -> 5.6428571 | E10: =SUMIFS('Clean Data'!$N$2:$N$248,'Clean Data'!$G$2:$G$248,$A10) -> 158 | F10: =E10/SUM('Clean Data'!$N$2:$N$248) -> 0.10213316 | G10: =IFERROR(COUNTIFS('Clean Data'!$G$2:$G$248,$A10,'Clean Data'!$P$2:$P$248,TRUE())/B10,"") -> 0.14285714 | H10: =IFERROR(COUNTIFS('Clean Data'!$G$2:$G$248,$A10,'Clean Data'!$AB$2:$AB$248,TRUE())/B10,"") -> 0.46428571 | I10: =IFERROR(COUNTIFS('Clean Data'!$G$2:$G$248,$A10,'Clean Data'!$Y$2:$Y$248,TRUE())/B10,"") -> 0.28571429 | J10: =COUNTIFS('Clean Data'!$G$2:$G$248,$A10,'Clean Data'!$AC$2:$AC$248,"<>") -> 5 | K10: =IFERROR(AVERAGEIFS('Clean Data'!$AC$2:$AC$248,'Clean Data'!$G$2:$G$248,$A10),"-") -> 3968.6 | L10: =COUNTIFS('Clean Data'!$G$2:$G$248,$A10,'Clean Data'!$AH$2:$AH$248,"?*") -> 0
A11: Hypertension | B11: =COUNTIFS('Clean Data'!$G$2:$G$248,$A11) -> 24 | C11: =B11/COUNTA('Clean Data'!$A$2:$A$248) -> 0.097165992 | D11: =IFERROR(AVERAGEIFS('Clean Data'!$N$2:$N$248,'Clean Data'!$G$2:$G$248,$A11),"") -> 5.7916667 | E11: =SUMIFS('Clean Data'!$N$2:$N$248,'Clean Data'!$G$2:$G$248,$A11) -> 139 | F11: =E11/SUM('Clean Data'!$N$2:$N$248) -> 0.089851325 | G11: =IFERROR(COUNTIFS('Clean Data'!$G$2:$G$248,$A11,'Clean Data'!$P$2:$P$248,TRUE())/B11,"") -> 0.16666667 | H11: =IFERROR(COUNTIFS('Clean Data'!$G$2:$G$248,$A11,'Clean Data'!$AB$2:$AB$248,TRUE())/B11,"") -> 0.20833333 | I11: =IFERROR(COUNTIFS('Clean Data'!$G$2:$G$248,$A11,'Clean Data'!$Y$2:$Y$248,TRUE())/B11,"") -> 0.16666667 | J11: =COUNTIFS('Clean Data'!$G$2:$G$248,$A11,'Clean Data'!$AC$2:$AC$248,"<>") -> 6 | K11: =IFERROR(AVERAGEIFS('Clean Data'!$AC$2:$AC$248,'Clean Data'!$G$2:$G$248,$A11),"-") -> 4533.1667 | L11: =COUNTIFS('Clean Data'!$G$2:$G$248,$A11,'Clean Data'!$AH$2:$AH$248,"?*") -> 6
A12: Kidney Failure | B12: =COUNTIFS('Clean Data'!$G$2:$G$248,$A12) -> 19 | C12: =B12/COUNTA('Clean Data'!$A$2:$A$248) -> 0.076923077 | D12: =IFERROR(AVERAGEIFS('Clean Data'!$N$2:$N$248,'Clean Data'!$G$2:$G$248,$A12),"") -> 6.4210526 | E12: =SUMIFS('Clean Data'!$N$2:$N$248,'Clean Data'!$G$2:$G$248,$A12) -> 122 | F12: =E12/SUM('Clean Data'!$N$2:$N$248) -> 0.078862314 | G12: =IFERROR(COUNTIFS('Clean Data'!$G$2:$G$248,$A12,'Clean Data'!$P$2:$P$248,TRUE())/B12,"") -> 0.31578947 | H12: =IFERROR(COUNTIFS('Clean Data'!$G$2:$G$248,$A12,'Clean Data'!$AB$2:$AB$248,TRUE())/B12,"") -> 0.26315789 | I12: =IFERROR(COUNTIFS('Clean Data'!$G$2:$G$248,$A12,'Clean Data'!$Y$2:$Y$248,TRUE())/B12,"") -> 0.36842105 | J12: =COUNTIFS('Clean Data'!$G$2:$G$248,$A12,'Clean Data'!$AC$2:$AC$248,"<>") -> 3 | K12: =IFERROR(AVERAGEIFS('Clean Data'!$AC$2:$AC$248,'Clean Data'!$G$2:$G$248,$A12),"-") -> 2461.3333 | L12: =COUNTIFS('Clean Data'!$G$2:$G$248,$A12,'Clean Data'!$AH$2:$AH$248,"?*") -> 0
A13: Migraine | B13: =COUNTIFS('Clean Data'!$G$2:$G$248,$A13) -> 15 | C13: =B13/COUNTA('Clean Data'!$A$2:$A$248) -> 0.060728745 | D13: =IFERROR(AVERAGEIFS('Clean Data'!$N$2:$N$248,'Clean Data'!$G$2:$G$248,$A13),"") -> 6.4 | E13: =SUMIFS('Clean Data'!$N$2:$N$248,'Clean Data'!$G$2:$G$248,$A13) -> 96 | F13: =E13/SUM('Clean Data'!$N$2:$N$248) -> 0.062055591 | G13: =IFERROR(COUNTIFS('Clean Data'!$G$2:$G$248,$A13,'Clean Data'!$P$2:$P$248,TRUE())/B13,"") -> 0.26666667 | H13: =IFERROR(COUNTIFS('Clean Data'!$G$2:$G$248,$A13,'Clean Data'!$AB$2:$AB$248,TRUE())/B13,"") -> 0.2 | I13: =IFERROR(COUNTIFS('Clean Data'!$G$2:$G$248,$A13,'Clean Data'!$Y$2:$Y$248,TRUE())/B13,"") -> 0.4 | J13: =COUNTIFS('Clean Data'!$G$2:$G$248,$A13,'Clean Data'!$AC$2:$AC$248,"<>") -> 2 | K13: =IFERROR(AVERAGEIFS('Clean Data'!$AC$2:$AC$248,'Clean Data'!$G$2:$G$248,$A13),"-") -> 1009.5 | L13: =COUNTIFS('Clean Data'!$G$2:$G$248,$A13,'Clean Data'!$AH$2:$AH$248,"?*") -> 1
A14: Stroke | B14: =COUNTIFS('Clean Data'!$G$2:$G$248,$A14) -> 11 | C14: =B14/COUNTA('Clean Data'!$A$2:$A$248) -> 0.044534413 | D14: =IFERROR(AVERAGEIFS('Clean Data'!$N$2:$N$248,'Clean Data'!$G$2:$G$248,$A14),"") -> 7.4545455 | E14: =SUMIFS('Clean Data'!$N$2:$N$248,'Clean Data'!$G$2:$G$248,$A14) -> 82 | F14: =E14/SUM('Clean Data'!$N$2:$N$248) -> 0.053005818 | G14: =IFERROR(COUNTIFS('Clean Data'!$G$2:$G$248,$A14,'Clean Data'!$P$2:$P$248,TRUE())/B14,"") -> 0.45454545 | H14: =IFERROR(COUNTIFS('Clean Data'!$G$2:$G$248,$A14,'Clean Data'!$AB$2:$AB$248,TRUE())/B14,"") -> 0.27272727 | I14: =IFERROR(COUNTIFS('Clean Data'!$G$2:$G$248,$A14,'Clean Data'!$Y$2:$Y$248,TRUE())/B14,"") -> 0.36363636 | J14: =COUNTIFS('Clean Data'!$G$2:$G$248,$A14,'Clean Data'!$AC$2:$AC$248,"<>") -> 3 | K14: =IFERROR(AVERAGEIFS('Clean Data'!$AC$2:$AC$248,'Clean Data'!$G$2:$G$248,$A14),"-") -> 3142 | L14: =COUNTIFS('Clean Data'!$G$2:$G$248,$A14,'Clean Data'!$AH$2:$AH$248,"?*") -> 1
A15: Pneumonia | B15: =COUNTIFS('Clean Data'!$G$2:$G$248,$A15) -> 8 | C15: =B15/COUNTA('Clean Data'!$A$2:$A$248) -> 0.032388664 | D15: =IFERROR(AVERAGEIFS('Clean Data'!$N$2:$N$248,'Clean Data'!$G$2:$G$248,$A15),"") -> 4.75 | E15: =SUMIFS('Clean Data'!$N$2:$N$248,'Clean Data'!$G$2:$G$248,$A15) -> 38 | F15: =E15/SUM('Clean Data'!$N$2:$N$248) -> 0.024563672 | G15: =IFERROR(COUNTIFS('Clean Data'!$G$2:$G$248,$A15,'Clean Data'!$P$2:$P$248,TRUE())/B15,"") -> 0.125 | H15: =IFERROR(COUNTIFS('Clean Data'!$G$2:$G$248,$A15,'Clean Data'!$AB$2:$AB$248,TRUE())/B15,"") -> 0.75 | I15: =IFERROR(COUNTIFS('Clean Data'!$G$2:$G$248,$A15,'Clean Data'!$Y$2:$Y$248,TRUE())/B15,"") -> 0.375 | J15: =COUNTIFS('Clean Data'!$G$2:$G$248,$A15,'Clean Data'!$AC$2:$AC$248,"<>") -> 1 | K15: =IFERROR(AVERAGEIFS('Clean Data'!$AC$2:$AC$248,'Clean Data'!$G$2:$G$248,$A15),"-") -> 1086 | L15: =COUNTIFS('Clean Data'!$G$2:$G$248,$A15,'Clean Data'!$AH$2:$AH$248,"?*") -> 0
A16: Total | B16: =SUM(B6:B15) -> 247 | C16: =SUM(C6:C15) -> 1 | D16: =E16/B16 -> 6.2631579 | E16: =SUM(E6:E15) -> 1547 | F16: =SUM(F6:F15) -> 1 | J16: =SUM(J6:J15) -> 52 | L16: =SUM(L6:L15) -> 24
A19: By diagnosis group
A20: Diagnosis group | B20: Admissions | C20: % of admissions | D20: ALOS (days) | E20: Bed-days | F20: % of bed-days | G20: Long-stay rate | H20: High-severity share | I20: Uninsured rate | J20: Genuine bills | K20: Avg genuine bill | L20: Clinical review flags
A21: Chronic disease | B21: =COUNTIFS('Clean Data'!$I$2:$I$248,$A21) -> 105 | C21: =B21/COUNTA('Clean Data'!$A$2:$A$248) -> 0.42510121 | D21: =IFERROR(AVERAGEIFS('Clean Data'!$N$2:$N$248,'Clean Data'!$I$2:$I$248,$A21),"") -> 6.1904762 | E21: =SUMIFS('Clean Data'!$N$2:$N$248,'Clean Data'!$I$2:$I$248,$A21) -> 650 | F21: =E21/SUM('Clean Data'!$N$2:$N$248) -> 0.42016807 | G21: =IFERROR(COUNTIFS('Clean Data'!$I$2:$I$248,$A21,'Clean Data'!$P$2:$P$248,TRUE())/B21,"") -> 0.24761905 | H21: =IFERROR(COUNTIFS('Clean Data'!$I$2:$I$248,$A21,'Clean Data'!$AB$2:$AB$248,TRUE())/B21,"") -> 0.37142857 | I21: =IFERROR(COUNTIFS('Clean Data'!$I$2:$I$248,$A21,'Clean Data'!$Y$2:$Y$248,TRUE())/B21,"") -> 0.28571429 | J21: =COUNTIFS('Clean Data'!$I$2:$I$248,$A21,'Clean Data'!$AC$2:$AC$248,"<>") -> 18 | K21: =IFERROR(AVERAGEIFS('Clean Data'!$AC$2:$AC$248,'Clean Data'!$I$2:$I$248,$A21),"-") -> 3440.0556 | L21: =COUNTIFS('Clean Data'!$I$2:$I$248,$A21,'Clean Data'!$AH$2:$AH$248,"?*") -> 10
A22: Respiratory infection | B22: =COUNTIFS('Clean Data'!$I$2:$I$248,$A22) -> 79 | C22: =B22/COUNTA('Clean Data'!$A$2:$A$248) -> 0.31983806 | D22: =IFERROR(AVERAGEIFS('Clean Data'!$N$2:$N$248,'Clean Data'!$I$2:$I$248,$A22),"") -> 6.6962025 | E22: =SUMIFS('Clean Data'!$N$2:$N$248,'Clean Data'!$I$2:$I$248,$A22) -> 529 | F22: =E22/SUM('Clean Data'!$N$2:$N$248) -> 0.34195217 | G22: =IFERROR(COUNTIFS('Clean Data'!$I$2:$I$248,$A22,'Clean Data'!$P$2:$P$248,TRUE())/B22,"") -> 0.29113924 | H22: =IFERROR(COUNTIFS('Clean Data'!$I$2:$I$248,$A22,'Clean Data'!$AB$2:$AB$248,TRUE())/B22,"") -> 0.43037975 | I22: =IFERROR(COUNTIFS('Clean Data'!$I$2:$I$248,$A22,'Clean Data'!$Y$2:$Y$248,TRUE())/B22,"") -> 0.29113924 | J22: =COUNTIFS('Clean Data'!$I$2:$I$248,$A22,'Clean Data'!$AC$2:$AC$248,"<>") -> 16 | K22: =IFERROR(AVERAGEIFS('Clean Data'!$AC$2:$AC$248,'Clean Data'!$I$2:$I$248,$A22),"-") -> 2712.25 | L22: =COUNTIFS('Clean Data'!$I$2:$I$248,$A22,'Clean Data'!$AH$2:$AH$248,"?*") -> 12
A23: Trauma | B23: =COUNTIFS('Clean Data'!$I$2:$I$248,$A23) -> 37 | C23: =B23/COUNTA('Clean Data'!$A$2:$A$248) -> 0.14979757 | D23: =IFERROR(AVERAGEIFS('Clean Data'!$N$2:$N$248,'Clean Data'!$I$2:$I$248,$A23),"") -> 5.1351351 | E23: =SUMIFS('Clean Data'!$N$2:$N$248,'Clean Data'!$I$2:$I$248,$A23) -> 190 | F23: =E23/SUM('Clean Data'!$N$2:$N$248) -> 0.12281836 | G23: =IFERROR(COUNTIFS('Clean Data'!$I$2:$I$248,$A23,'Clean Data'!$P$2:$P$248,TRUE())/B23,"") -> 0.13513514 | H23: =IFERROR(COUNTIFS('Clean Data'!$I$2:$I$248,$A23,'Clean Data'!$AB$2:$AB$248,TRUE())/B23,"") -> 0.27027027 | I23: =IFERROR(COUNTIFS('Clean Data'!$I$2:$I$248,$A23,'Clean Data'!$Y$2:$Y$248,TRUE())/B23,"") -> 0.24324324 | J23: =COUNTIFS('Clean Data'!$I$2:$I$248,$A23,'Clean Data'!$AC$2:$AC$248,"<>") -> 13 | K23: =IFERROR(AVERAGEIFS('Clean Data'!$AC$2:$AC$248,'Clean Data'!$I$2:$I$248,$A23),"-") -> 2799.4615 | L23: =COUNTIFS('Clean Data'!$I$2:$I$248,$A23,'Clean Data'!$AH$2:$AH$248,"?*") -> 0
A24: Neurological | B24: =COUNTIFS('Clean Data'!$I$2:$I$248,$A24) -> 26 | C24: =B24/COUNTA('Clean Data'!$A$2:$A$248) -> 0.10526316 | D24: =IFERROR(AVERAGEIFS('Clean Data'!$N$2:$N$248,'Clean Data'!$I$2:$I$248,$A24),"") -> 6.8461538 | E24: =SUMIFS('Clean Data'!$N$2:$N$248,'Clean Data'!$I$2:$I$248,$A24) -> 178 | F24: =E24/SUM('Clean Data'!$N$2:$N$248) -> 0.11506141 | G24: =IFERROR(COUNTIFS('Clean Data'!$I$2:$I$248,$A24,'Clean Data'!$P$2:$P$248,TRUE())/B24,"") -> 0.34615385 | H24: =IFERROR(COUNTIFS('Clean Data'!$I$2:$I$248,$A24,'Clean Data'!$AB$2:$AB$248,TRUE())/B24,"") -> 0.23076923 | I24: =IFERROR(COUNTIFS('Clean Data'!$I$2:$I$248,$A24,'Clean Data'!$Y$2:$Y$248,TRUE())/B24,"") -> 0.38461538 | J24: =COUNTIFS('Clean Data'!$I$2:$I$248,$A24,'Clean Data'!$AC$2:$AC$248,"<>") -> 5 | K24: =IFERROR(AVERAGEIFS('Clean Data'!$AC$2:$AC$248,'Clean Data'!$I$2:$I$248,$A24),"-") -> 2289 | L24: =COUNTIFS('Clean Data'!$I$2:$I$248,$A24,'Clean Data'!$AH$2:$AH$248,"?*") -> 2
A25: Total | B25: =SUM(B21:B24) -> 247 | C25: =SUM(C21:C24) -> 1 | D25: =E25/B25 -> 6.2631579 | E25: =SUM(E21:E24) -> 1547 | F25: =SUM(F21:F24) -> 1 | J25: =SUM(J21:J24) -> 52 | L25: =SUM(L21:L24) -> 24
A28: By doctor
A29: Doctor | B29: Admissions | C29: % of admissions | D29: ALOS (days) | E29: Bed-days | F29: % of bed-days | G29: Long-stay rate | H29: High-severity share | I29: Uninsured rate | J29: Genuine bills | K29: Avg genuine bill | L29: Clinical review flags
A30: Dr. Reem Abdullah | B30: =COUNTIFS('Clean Data'!$J$2:$J$248,$A30) -> 42 | C30: =B30/COUNTA('Clean Data'!$A$2:$A$248) -> 0.17004049 | D30: =IFERROR(AVERAGEIFS('Clean Data'!$N$2:$N$248,'Clean Data'!$J$2:$J$248,$A30),"") -> 7.4761905 | E30: =SUMIFS('Clean Data'!$N$2:$N$248,'Clean Data'!$J$2:$J$248,$A30) -> 314 | F30: =E30/SUM('Clean Data'!$N$2:$N$248) -> 0.2029735 | G30: =IFERROR(COUNTIFS('Clean Data'!$J$2:$J$248,$A30,'Clean Data'!$P$2:$P$248,TRUE())/B30,"") -> 0.35714286 | H30: =IFERROR(COUNTIFS('Clean Data'!$J$2:$J$248,$A30,'Clean Data'!$AB$2:$AB$248,TRUE())/B30,"") -> 0.45238095 | I30: =IFERROR(COUNTIFS('Clean Data'!$J$2:$J$248,$A30,'Clean Data'!$Y$2:$Y$248,TRUE())/B30,"") -> 0.35714286 | J30: =COUNTIFS('Clean Data'!$J$2:$J$248,$A30,'Clean Data'!$AC$2:$AC$248,"<>") -> 6 | K30: =IFERROR(AVERAGEIFS('Clean Data'!$AC$2:$AC$248,'Clean Data'!$J$2:$J$248,$A30),"-") -> 4035.5 | L30: =COUNTIFS('Clean Data'!$J$2:$J$248,$A30,'Clean Data'!$AH$2:$AH$248,"?*") -> 3
A31: Dr. Mohamed Hassan | B31: =COUNTIFS('Clean Data'!$J$2:$J$248,$A31) -> 41 | C31: =B31/COUNTA('Clean Data'!$A$2:$A$248) -> 0.1659919 | D31: =IFERROR(AVERAGEIFS('Clean Data'!$N$2:$N$248,'Clean Data'!$J$2:$J$248,$A31),"") -> 7.195122 | E31: =SUMIFS('Clean Data'!$N$2:$N$248,'Clean Data'!$J$2:$J$248,$A31) -> 295 | F31: =E31/SUM('Clean Data'!$N$2:$N$248) -> 0.19069166 | G31: =IFERROR(COUNTIFS('Clean Data'!$J$2:$J$248,$A31,'Clean Data'!$P$2:$P$248,TRUE())/B31,"") -> 0.34146341 | H31: =IFERROR(COUNTIFS('Clean Data'!$J$2:$J$248,$A31,'Clean Data'!$AB$2:$AB$248,TRUE())/B31,"") -> 0.31707317 | I31: =IFERROR(COUNTIFS('Clean Data'!$J$2:$J$248,$A31,'Clean Data'!$Y$2:$Y$248,TRUE())/B31,"") -> 0.31707317 | J31: =COUNTIFS('Clean Data'!$J$2:$J$248,$A31,'Clean Data'!$AC$2:$AC$248,"<>") -> 8 | K31: =IFERROR(AVERAGEIFS('Clean Data'!$AC$2:$AC$248,'Clean Data'!$J$2:$J$248,$A31),"-") -> 2417.5 | L31: =COUNTIFS('Clean Data'!$J$2:$J$248,$A31,'Clean Data'!$AH$2:$AH$248,"?*") -> 9
A32: Dr. Ahmed Ali | B32: =COUNTIFS('Clean Data'!$J$2:$J$248,$A32) -> 40 | C32: =B32/COUNTA('Clean Data'!$A$2:$A$248) -> 0.16194332 | D32: =IFERROR(AVERAGEIFS('Clean Data'!$N$2:$N$248,'Clean Data'!$J$2:$J$248,$A32),"") -> 5.15 | E32: =SUMIFS('Clean Data'!$N$2:$N$248,'Clean Data'!$J$2:$J$248,$A32) -> 206 | F32: =E32/SUM('Clean Data'!$N$2:$N$248) -> 0.13316096 | G32: =IFERROR(COUNTIFS('Clean Data'!$J$2:$J$248,$A32,'Clean Data'!$P$2:$P$248,TRUE())/B32,"") -> 0.2 | H32: =IFERROR(COUNTIFS('Clean Data'!$J$2:$J$248,$A32,'Clean Data'!$AB$2:$AB$248,TRUE())/B32,"") -> 0.325 | I32: =IFERROR(COUNTIFS('Clean Data'!$J$2:$J$248,$A32,'Clean Data'!$Y$2:$Y$248,TRUE())/B32,"") -> 0.275 | J32: =COUNTIFS('Clean Data'!$J$2:$J$248,$A32,'Clean Data'!$AC$2:$AC$248,"<>") -> 13 | K32: =IFERROR(AVERAGEIFS('Clean Data'!$AC$2:$AC$248,'Clean Data'!$J$2:$J$248,$A32),"-") -> 3072.4615 | L32: =COUNTIFS('Clean Data'!$J$2:$J$248,$A32,'Clean Data'!$AH$2:$AH$248,"?*") -> 0
A33: Dr. Yasmin Mahmoud | B33: =COUNTIFS('Clean Data'!$J$2:$J$248,$A33) -> 39 | C33: =B33/COUNTA('Clean Data'!$A$2:$A$248) -> 0.15789474 | D33: =IFERROR(AVERAGEIFS('Clean Data'!$N$2:$N$248,'Clean Data'!$J$2:$J$248,$A33),"") -> 6.9230769 | E33: =SUMIFS('Clean Data'!$N$2:$N$248,'Clean Data'!$J$2:$J$248,$A33) -> 270 | F33: =E33/SUM('Clean Data'!$N$2:$N$248) -> 0.17453135 | G33: =IFERROR(COUNTIFS('Clean Data'!$J$2:$J$248,$A33,'Clean Data'!$P$2:$P$248,TRUE())/B33,"") -> 0.25641026 | H33: =IFERROR(COUNTIFS('Clean Data'!$J$2:$J$248,$A33,'Clean Data'!$AB$2:$AB$248,TRUE())/B33,"") -> 0.35897436 | I33: =IFERROR(COUNTIFS('Clean Data'!$J$2:$J$248,$A33,'Clean Data'!$Y$2:$Y$248,TRUE())/B33,"") -> 0.25641026 | J33: =COUNTIFS('Clean Data'!$J$2:$J$248,$A33,'Clean Data'!$AC$2:$AC$248,"<>") -> 5 | K33: =IFERROR(AVERAGEIFS('Clean Data'!$AC$2:$AC$248,'Clean Data'!$J$2:$J$248,$A33),"-") -> 4170.6 | L33: =COUNTIFS('Clean Data'!$J$2:$J$248,$A33,'Clean Data'!$AH$2:$AH$248,"?*") -> 4
A34: Dr. Khaled Sami | B34: =COUNTIFS('Clean Data'!$J$2:$J$248,$A34) -> 34 | C34: =B34/COUNTA('Clean Data'!$A$2:$A$248) -> 0.13765182 | D34: =IFERROR(AVERAGEIFS('Clean Data'!$N$2:$N$248,'Clean Data'!$J$2:$J$248,$A34),"") -> 5.7941176 | E34: =SUMIFS('Clean Data'!$N$2:$N$248,'Clean Data'!$J$2:$J$248,$A34) -> 197 | F34: =E34/SUM('Clean Data'!$N$2:$N$248) -> 0.12734324 | G34: =IFERROR(COUNTIFS('Clean Data'!$J$2:$J$248,$A34,'Clean Data'!$P$2:$P$248,TRUE())/B34,"") -> 0.20588235 | H34: =IFERROR(COUNTIFS('Clean Data'!$J$2:$J$248,$A34,'Clean Data'!$AB$2:$AB$248,TRUE())/B34,"") -> 0.35294118 | I34: =IFERROR(COUNTIFS('Clean Data'!$J$2:$J$248,$A34,'Clean Data'!$Y$2:$Y$248,TRUE())/B34,"") -> 0.20588235 | J34: =COUNTIFS('Clean Data'!$J$2:$J$248,$A34,'Clean Data'!$AC$2:$AC$248,"<>") -> 7 | K34: =IFERROR(AVERAGEIFS('Clean Data'!$AC$2:$AC$248,'Clean Data'!$J$2:$J$248,$A34),"-") -> 3569.2857 | L34: =COUNTIFS('Clean Data'!$J$2:$J$248,$A34,'Clean Data'!$AH$2:$AH$248,"?*") -> 4
A35: Dr. Nour Khaled | B35: =COUNTIFS('Clean Data'!$J$2:$J$248,$A35) -> 27 | C35: =B35/COUNTA('Clean Data'!$A$2:$A$248) -> 0.10931174 | D35: =IFERROR(AVERAGEIFS('Clean Data'!$N$2:$N$248,'Clean Data'!$J$2:$J$248,$A35),"") -> 5.6296296 | E35: =SUMIFS('Clean Data'!$N$2:$N$248,'Clean Data'!$J$2:$J$248,$A35) -> 152 | F35: =E35/SUM('Clean Data'!$N$2:$N$248) -> 0.098254686 | G35: =IFERROR(COUNTIFS('Clean Data'!$J$2:$J$248,$A35,'Clean Data'!$P$2:$P$248,TRUE())/B35,"") -> 0.18518519 | H35: =IFERROR(COUNTIFS('Clean Data'!$J$2:$J$248,$A35,'Clean Data'!$AB$2:$AB$248,TRUE())/B35,"") -> 0.40740741 | I35: =IFERROR(COUNTIFS('Clean Data'!$J$2:$J$248,$A35,'Clean Data'!$Y$2:$Y$248,TRUE())/B35,"") -> 0.2962963 | J35: =COUNTIFS('Clean Data'!$J$2:$J$248,$A35,'Clean Data'!$AC$2:$AC$248,"<>") -> 8 | K35: =IFERROR(AVERAGEIFS('Clean Data'!$AC$2:$AC$248,'Clean Data'!$J$2:$J$248,$A35),"-") -> 1529.875 | L35: =COUNTIFS('Clean Data'!$J$2:$J$248,$A35,'Clean Data'!$AH$2:$AH$248,"?*") -> 3
A36: Dr. Sara Ibrahim | B36: =COUNTIFS('Clean Data'!$J$2:$J$248,$A36) -> 24 | C36: =B36/COUNTA('Clean Data'!$A$2:$A$248) -> 0.097165992 | D36: =IFERROR(AVERAGEIFS('Clean Data'!$N$2:$N$248,'Clean Data'!$J$2:$J$248,$A36),"") -> 4.7083333 | E36: =SUMIFS('Clean Data'!$N$2:$N$248,'Clean Data'!$J$2:$J$248,$A36) -> 113 | F36: =E36/SUM('Clean Data'!$N$2:$N$248) -> 0.073044602 | G36: =IFERROR(COUNTIFS('Clean Data'!$J$2:$J$248,$A36,'Clean Data'!$P$2:$P$248,TRUE())/B36,"") -> 0.16666667 | H36: =IFERROR(COUNTIFS('Clean Data'!$J$2:$J$248,$A36,'Clean Data'!$AB$2:$AB$248,TRUE())/B36,"") -> 0.29166667 | I36: =IFERROR(COUNTIFS('Clean Data'!$J$2:$J$248,$A36,'Clean Data'!$Y$2:$Y$248,TRUE())/B36,"") -> 0.33333333 | J36: =COUNTIFS('Clean Data'!$J$2:$J$248,$A36,'Clean Data'!$AC$2:$AC$248,"<>") -> 5 | K36: =IFERROR(AVERAGEIFS('Clean Data'!$AC$2:$AC$248,'Clean Data'!$J$2:$J$248,$A36),"-") -> 2316.6 | L36: =COUNTIFS('Clean Data'!$J$2:$J$248,$A36,'Clean Data'!$AH$2:$AH$248,"?*") -> 1
A37: Total | B37: =SUM(B30:B36) -> 247 | C37: =SUM(C30:C36) -> 1 | D37: =E37/B37 -> 6.2631579 | E37: =SUM(E30:E36) -> 1547 | F37: =SUM(F30:F36) -> 1 | J37: =SUM(J30:J36) -> 52 | L37: =SUM(L30:L36) -> 24
A40: By insurance
A41: Insurance | B41: Admissions | C41: % of admissions | D41: ALOS (days) | E41: Bed-days | F41: % of bed-days | G41: Long-stay rate | H41: High-severity share | I41: Uninsured rate | J41: Genuine bills | K41: Avg genuine bill | L41: Clinical review flags
A42: Private | B42: =COUNTIFS('Clean Data'!$W$2:$W$248,$A42) -> 92 | C42: =B42/COUNTA('Clean Data'!$A$2:$A$248) -> 0.37246964 | D42: =IFERROR(AVERAGEIFS('Clean Data'!$N$2:$N$248,'Clean Data'!$W$2:$W$248,$A42),"") -> 6.0869565 | E42: =SUMIFS('Clean Data'!$N$2:$N$248,'Clean Data'!$W$2:$W$248,$A42) -> 560 | F42: =E42/SUM('Clean Data'!$N$2:$N$248) -> 0.36199095 | G42: =IFERROR(COUNTIFS('Clean Data'!$W$2:$W$248,$A42,'Clean Data'!$P$2:$P$248,TRUE())/B42,"") -> 0.2173913 | H42: =IFERROR(COUNTIFS('Clean Data'!$W$2:$W$248,$A42,'Clean Data'!$AB$2:$AB$248,TRUE())/B42,"") -> 0.35869565 | I42: =IFERROR(COUNTIFS('Clean Data'!$W$2:$W$248,$A42,'Clean Data'!$Y$2:$Y$248,TRUE())/B42,"") -> 0 | J42: =COUNTIFS('Clean Data'!$W$2:$W$248,$A42,'Clean Data'!$AC$2:$AC$248,"<>") -> 23 | K42: =IFERROR(AVERAGEIFS('Clean Data'!$AC$2:$AC$248,'Clean Data'!$W$2:$W$248,$A42),"-") -> 3054.4348 | L42: =COUNTIFS('Clean Data'!$W$2:$W$248,$A42,'Clean Data'!$AH$2:$AH$248,"?*") -> 10
A43: Government | B43: =COUNTIFS('Clean Data'!$W$2:$W$248,$A43) -> 83 | C43: =B43/COUNTA('Clean Data'!$A$2:$A$248) -> 0.33603239 | D43: =IFERROR(AVERAGEIFS('Clean Data'!$N$2:$N$248,'Clean Data'!$W$2:$W$248,$A43),"") -> 6.3493976 | E43: =SUMIFS('Clean Data'!$N$2:$N$248,'Clean Data'!$W$2:$W$248,$A43) -> 527 | F43: =E43/SUM('Clean Data'!$N$2:$N$248) -> 0.34065934 | G43: =IFERROR(COUNTIFS('Clean Data'!$W$2:$W$248,$A43,'Clean Data'!$P$2:$P$248,TRUE())/B43,"") -> 0.26506024 | H43: =IFERROR(COUNTIFS('Clean Data'!$W$2:$W$248,$A43,'Clean Data'!$AB$2:$AB$248,TRUE())/B43,"") -> 0.36144578 | I43: =IFERROR(COUNTIFS('Clean Data'!$W$2:$W$248,$A43,'Clean Data'!$Y$2:$Y$248,TRUE())/B43,"") -> 0 | J43: =COUNTIFS('Clean Data'!$W$2:$W$248,$A43,'Clean Data'!$AC$2:$AC$248,"<>") -> 18 | K43: =IFERROR(AVERAGEIFS('Clean Data'!$AC$2:$AC$248,'Clean Data'!$W$2:$W$248,$A43),"-") -> 3184.3333 | L43: =COUNTIFS('Clean Data'!$W$2:$W$248,$A43,'Clean Data'!$AH$2:$AH$248,"?*") -> 10
A44: Uninsured | B44: =COUNTIFS('Clean Data'!$W$2:$W$248,$A44) -> 72 | C44: =B44/COUNTA('Clean Data'!$A$2:$A$248) -> 0.29149798 | D44: =IFERROR(AVERAGEIFS('Clean Data'!$N$2:$N$248,'Clean Data'!$W$2:$W$248,$A44),"") -> 6.3888889 | E44: =SUMIFS('Clean Data'!$N$2:$N$248,'Clean Data'!$W$2:$W$248,$A44) -> 460 | F44: =E44/SUM('Clean Data'!$N$2:$N$248) -> 0.29734971 | G44: =IFERROR(COUNTIFS('Clean Data'!$W$2:$W$248,$A44,'Clean Data'!$P$2:$P$248,TRUE())/B44,"") -> 0.29166667 | H44: =IFERROR(COUNTIFS('Clean Data'!$W$2:$W$248,$A44,'Clean Data'!$AB$2:$AB$248,TRUE())/B44,"") -> 0.36111111 | I44: =IFERROR(COUNTIFS('Clean Data'!$W$2:$W$248,$A44,'Clean Data'!$Y$2:$Y$248,TRUE())/B44,"") -> 1 | J44: =COUNTIFS('Clean Data'!$W$2:$W$248,$A44,'Clean Data'!$AC$2:$AC$248,"<>") -> 11 | K44: =IFERROR(AVERAGEIFS('Clean Data'!$AC$2:$AC$248,'Clean Data'!$W$2:$W$248,$A44),"-") -> 2325.9091 | L44: =COUNTIFS('Clean Data'!$W$2:$W$248,$A44,'Clean Data'!$AH$2:$AH$248,"?*") -> 4
A45: Total | B45: =SUM(B42:B44) -> 247 | C45: =SUM(C42:C44) -> 1 | D45: =E45/B45 -> 6.2631579 | E45: =SUM(E42:E44) -> 1547 | F45: =SUM(F42:F44) -> 1 | J45: =SUM(J42:J44) -> 52 | L45: =SUM(L42:L44) -> 24
A48: By severity
A49: Severity | B49: Admissions | C49: % of admissions | D49: ALOS (days) | E49: Bed-days | F49: % of bed-days | G49: Long-stay rate | H49: High-severity share | I49: Uninsured rate | J49: Genuine bills | K49: Avg genuine bill | L49: Clinical review flags
A50: Low | B50: =COUNTIFS('Clean Data'!$Z$2:$Z$248,$A50) -> 81 | C50: =B50/COUNTA('Clean Data'!$A$2:$A$248) -> 0.32793522 | D50: =IFERROR(AVERAGEIFS('Clean Data'!$N$2:$N$248,'Clean Data'!$Z$2:$Z$248,$A50),"") -> 5.8765432 | E50: =SUMIFS('Clean Data'!$N$2:$N$248,'Clean Data'!$Z$2:$Z$248,$A50) -> 476 | F50: =E50/SUM('Clean Data'!$N$2:$N$248) -> 0.30769231 | G50: =IFERROR(COUNTIFS('Clean Data'!$Z$2:$Z$248,$A50,'Clean Data'!$P$2:$P$248,TRUE())/B50,"") -> 0.22222222 | H50: =IFERROR(COUNTIFS('Clean Data'!$Z$2:$Z$248,$A50,'Clean Data'!$AB$2:$AB$248,TRUE())/B50,"") -> 0 | I50: =IFERROR(COUNTIFS('Clean Data'!$Z$2:$Z$248,$A50,'Clean Data'!$Y$2:$Y$248,TRUE())/B50,"") -> 0.25925926 | J50: =COUNTIFS('Clean Data'!$Z$2:$Z$248,$A50,'Clean Data'!$AC$2:$AC$248,"<>") -> 20 | K50: =IFERROR(AVERAGEIFS('Clean Data'!$AC$2:$AC$248,'Clean Data'!$Z$2:$Z$248,$A50),"-") -> 3159.4 | L50: =COUNTIFS('Clean Data'!$Z$2:$Z$248,$A50,'Clean Data'!$AH$2:$AH$248,"?*") -> 10
A51: Medium | B51: =COUNTIFS('Clean Data'!$Z$2:$Z$248,$A51) -> 77 | C51: =B51/COUNTA('Clean Data'!$A$2:$A$248) -> 0.31174089 | D51: =IFERROR(AVERAGEIFS('Clean Data'!$N$2:$N$248,'Clean Data'!$Z$2:$Z$248,$A51),"") -> 6.6233766 | E51: =SUMIFS('Clean Data'!$N$2:$N$248,'Clean Data'!$Z$2:$Z$248,$A51) -> 510 | F51: =E51/SUM('Clean Data'!$N$2:$N$248) -> 0.32967033 | G51: =IFERROR(COUNTIFS('Clean Data'!$Z$2:$Z$248,$A51,'Clean Data'!$P$2:$P$248,TRUE())/B51,"") -> 0.31168831 | H51: =IFERROR(COUNTIFS('Clean Data'!$Z$2:$Z$248,$A51,'Clean Data'!$AB$2:$AB$248,TRUE())/B51,"") -> 0 | I51: =IFERROR(COUNTIFS('Clean Data'!$Z$2:$Z$248,$A51,'Clean Data'!$Y$2:$Y$248,TRUE())/B51,"") -> 0.32467532 | J51: =COUNTIFS('Clean Data'!$Z$2:$Z$248,$A51,'Clean Data'!$AC$2:$AC$248,"<>") -> 18 | K51: =IFERROR(AVERAGEIFS('Clean Data'!$AC$2:$AC$248,'Clean Data'!$Z$2:$Z$248,$A51),"-") -> 3214.8889 | L51: =COUNTIFS('Clean Data'!$Z$2:$Z$248,$A51,'Clean Data'!$AH$2:$AH$248,"?*") -> 7
A52: High | B52: =COUNTIFS('Clean Data'!$Z$2:$Z$248,$A52) -> 89 | C52: =B52/COUNTA('Clean Data'!$A$2:$A$248) -> 0.36032389 | D52: =IFERROR(AVERAGEIFS('Clean Data'!$N$2:$N$248,'Clean Data'!$Z$2:$Z$248,$A52),"") -> 6.3033708 | E52: =SUMIFS('Clean Data'!$N$2:$N$248,'Clean Data'!$Z$2:$Z$248,$A52) -> 561 | F52: =E52/SUM('Clean Data'!$N$2:$N$248) -> 0.36263736 | G52: =IFERROR(COUNTIFS('Clean Data'!$Z$2:$Z$248,$A52,'Clean Data'!$P$2:$P$248,TRUE())/B52,"") -> 0.23595506 | H52: =IFERROR(COUNTIFS('Clean Data'!$Z$2:$Z$248,$A52,'Clean Data'!$AB$2:$AB$248,TRUE())/B52,"") -> 1 | I52: =IFERROR(COUNTIFS('Clean Data'!$Z$2:$Z$248,$A52,'Clean Data'!$Y$2:$Y$248,TRUE())/B52,"") -> 0.29213483 | J52: =COUNTIFS('Clean Data'!$Z$2:$Z$248,$A52,'Clean Data'!$AC$2:$AC$248,"<>") -> 14 | K52: =IFERROR(AVERAGEIFS('Clean Data'!$AC$2:$AC$248,'Clean Data'!$Z$2:$Z$248,$A52),"-") -> 2292.7857 | L52: =COUNTIFS('Clean Data'!$Z$2:$Z$248,$A52,'Clean Data'!$AH$2:$AH$248,"?*") -> 7
A53: Total | B53: =SUM(B50:B52) -> 247 | C53: =SUM(C50:C52) -> 1 | D53: =E53/B53 -> 6.2631579 | E53: =SUM(E50:E52) -> 1547 | F53: =SUM(F50:F52) -> 1 | J53: =SUM(J50:J52) -> 52 | L53: =SUM(L50:L52) -> 24
A56: By age group
A57: Age group | B57: Admissions | C57: % of admissions | D57: ALOS (days) | E57: Bed-days | F57: % of bed-days | G57: Long-stay rate | H57: High-severity share | I57: Uninsured rate | J57: Genuine bills | K57: Avg genuine bill | L57: Clinical review flags
A58: Child (0-17) | B58: =COUNTIFS('Clean Data'!$D$2:$D$248,$A58) -> 48 | C58: =B58/COUNTA('Clean Data'!$A$2:$A$248) -> 0.19433198 | D58: =IFERROR(AVERAGEIFS('Clean Data'!$N$2:$N$248,'Clean Data'!$D$2:$D$248,$A58),"") -> 4.7083333 | E58: =SUMIFS('Clean Data'!$N$2:$N$248,'Clean Data'!$D$2:$D$248,$A58) -> 226 | F58: =E58/SUM('Clean Data'!$N$2:$N$248) -> 0.1460892 | G58: =IFERROR(COUNTIFS('Clean Data'!$D$2:$D$248,$A58,'Clean Data'!$P$2:$P$248,TRUE())/B58,"") -> 0.16666667 | H58: =IFERROR(COUNTIFS('Clean Data'!$D$2:$D$248,$A58,'Clean Data'!$AB$2:$AB$248,TRUE())/B58,"") -> 0.29166667 | I58: =IFERROR(COUNTIFS('Clean Data'!$D$2:$D$248,$A58,'Clean Data'!$Y$2:$Y$248,TRUE())/B58,"") -> 0.27083333 | J58: =COUNTIFS('Clean Data'!$D$2:$D$248,$A58,'Clean Data'!$AC$2:$AC$248,"<>") -> 10 | K58: =IFERROR(AVERAGEIFS('Clean Data'!$AC$2:$AC$248,'Clean Data'!$D$2:$D$248,$A58),"-") -> 3295 | L58: =COUNTIFS('Clean Data'!$D$2:$D$248,$A58,'Clean Data'!$AH$2:$AH$248,"?*") -> 8
A59: Adult (18-39) | B59: =COUNTIFS('Clean Data'!$D$2:$D$248,$A59) -> 49 | C59: =B59/COUNTA('Clean Data'!$A$2:$A$248) -> 0.19838057 | D59: =IFERROR(AVERAGEIFS('Clean Data'!$N$2:$N$248,'Clean Data'!$D$2:$D$248,$A59),"") -> 5.5918367 | E59: =SUMIFS('Clean Data'!$N$2:$N$248,'Clean Data'!$D$2:$D$248,$A59) -> 274 | F59: =E59/SUM('Clean Data'!$N$2:$N$248) -> 0.177117 | G59: =IFERROR(COUNTIFS('Clean Data'!$D$2:$D$248,$A59,'Clean Data'!$P$2:$P$248,TRUE())/B59,"") -> 0.20408163 | H59: =IFERROR(COUNTIFS('Clean Data'!$D$2:$D$248,$A59,'Clean Data'!$AB$2:$AB$248,TRUE())/B59,"") -> 0.42857143 | I59: =IFERROR(COUNTIFS('Clean Data'!$D$2:$D$248,$A59,'Clean Data'!$Y$2:$Y$248,TRUE())/B59,"") -> 0.26530612 | J59: =COUNTIFS('Clean Data'!$D$2:$D$248,$A59,'Clean Data'!$AC$2:$AC$248,"<>") -> 7 | K59: =IFERROR(AVERAGEIFS('Clean Data'!$AC$2:$AC$248,'Clean Data'!$D$2:$D$248,$A59),"-") -> 2150.8571 | L59: =COUNTIFS('Clean Data'!$D$2:$D$248,$A59,'Clean Data'!$AH$2:$AH$248,"?*") -> 3
A60: Middle age (40-59) | B60: =COUNTIFS('Clean Data'!$D$2:$D$248,$A60) -> 61 | C60: =B60/COUNTA('Clean Data'!$A$2:$A$248) -> 0.24696356 | D60: =IFERROR(AVERAGEIFS('Clean Data'!$N$2:$N$248,'Clean Data'!$D$2:$D$248,$A60),"") -> 6.7868852 | E60: =SUMIFS('Clean Data'!$N$2:$N$248,'Clean Data'!$D$2:$D$248,$A60) -> 414 | F60: =E60/SUM('Clean Data'!$N$2:$N$248) -> 0.26761474 | G60: =IFERROR(COUNTIFS('Clean Data'!$D$2:$D$248,$A60,'Clean Data'!$P$2:$P$248,TRUE())/B60,"") -> 0.27868852 | H60: =IFERROR(COUNTIFS('Clean Data'!$D$2:$D$248,$A60,'Clean Data'!$AB$2:$AB$248,TRUE())/B60,"") -> 0.37704918 | I60: =IFERROR(COUNTIFS('Clean Data'!$D$2:$D$248,$A60,'Clean Data'!$Y$2:$Y$248,TRUE())/B60,"") -> 0.27868852 | J60: =COUNTIFS('Clean Data'!$D$2:$D$248,$A60,'Clean Data'!$AC$2:$AC$248,"<>") -> 17 | K60: =IFERROR(AVERAGEIFS('Clean Data'!$AC$2:$AC$248,'Clean Data'!$D$2:$D$248,$A60),"-") -> 2728.1176 | L60: =COUNTIFS('Clean Data'!$D$2:$D$248,$A60,'Clean Data'!$AH$2:$AH$248,"?*") -> 5
A61: Senior (60+) | B61: =COUNTIFS('Clean Data'!$D$2:$D$248,$A61) -> 89 | C61: =B61/COUNTA('Clean Data'!$A$2:$A$248) -> 0.36032389 | D61: =IFERROR(AVERAGEIFS('Clean Data'!$N$2:$N$248,'Clean Data'!$D$2:$D$248,$A61),"") -> 7.1123596 | E61: =SUMIFS('Clean Data'!$N$2:$N$248,'Clean Data'!$D$2:$D$248,$A61) -> 633 | F61: =E61/SUM('Clean Data'!$N$2:$N$248) -> 0.40917906 | G61: =IFERROR(COUNTIFS('Clean Data'!$D$2:$D$248,$A61,'Clean Data'!$P$2:$P$248,TRUE())/B61,"") -> 0.31460674 | H61: =IFERROR(COUNTIFS('Clean Data'!$D$2:$D$248,$A61,'Clean Data'!$AB$2:$AB$248,TRUE())/B61,"") -> 0.34831461 | I61: =IFERROR(COUNTIFS('Clean Data'!$D$2:$D$248,$A61,'Clean Data'!$Y$2:$Y$248,TRUE())/B61,"") -> 0.3258427 | J61: =COUNTIFS('Clean Data'!$D$2:$D$248,$A61,'Clean Data'!$AC$2:$AC$248,"<>") -> 18 | K61: =IFERROR(AVERAGEIFS('Clean Data'!$AC$2:$AC$248,'Clean Data'!$D$2:$D$248,$A61),"-") -> 3265.0556 | L61: =COUNTIFS('Clean Data'!$D$2:$D$248,$A61,'Clean Data'!$AH$2:$AH$248,"?*") -> 8
A62: Total | B62: =SUM(B58:B61) -> 247 | C62: =SUM(C58:C61) -> 1 | D62: =E62/B62 -> 6.2631579 | E62: =SUM(E58:E61) -> 1547 | F62: =SUM(F58:F61) -> 1 | J62: =SUM(J58:J61) -> 52 | L62: =SUM(L58:L61) -> 24
A65: By gender (see caveat in cleaning log)
A66: Gender (see caveat in Cleaning Log) | B66: Admissions | C66: % of admissions | D66: ALOS (days) | E66: Bed-days | F66: % of bed-days | G66: Long-stay rate | H66: High-severity share | I66: Uninsured rate | J66: Genuine bills | K66: Avg genuine bill | L66: Clinical review flags
A67: Female | B67: =COUNTIFS('Clean Data'!$E$2:$E$248,$A67) -> 130 | C67: =B67/COUNTA('Clean Data'!$A$2:$A$248) -> 0.52631579 | D67: =IFERROR(AVERAGEIFS('Clean Data'!$N$2:$N$248,'Clean Data'!$E$2:$E$248,$A67),"") -> 5.7230769 | E67: =SUMIFS('Clean Data'!$N$2:$N$248,'Clean Data'!$E$2:$E$248,$A67) -> 744 | F67: =E67/SUM('Clean Data'!$N$2:$N$248) -> 0.48093083 | G67: =IFERROR(COUNTIFS('Clean Data'!$E$2:$E$248,$A67,'Clean Data'!$P$2:$P$248,TRUE())/B67,"") -> 0.21538462 | H67: =IFERROR(COUNTIFS('Clean Data'!$E$2:$E$248,$A67,'Clean Data'!$AB$2:$AB$248,TRUE())/B67,"") -> 0.36153846 | I67: =IFERROR(COUNTIFS('Clean Data'!$E$2:$E$248,$A67,'Clean Data'!$Y$2:$Y$248,TRUE())/B67,"") -> 0.29230769 | J67: =COUNTIFS('Clean Data'!$E$2:$E$248,$A67,'Clean Data'!$AC$2:$AC$248,"<>") -> 23 | K67: =IFERROR(AVERAGEIFS('Clean Data'!$AC$2:$AC$248,'Clean Data'!$E$2:$E$248,$A67),"-") -> 3025.3043 | L67: =COUNTIFS('Clean Data'!$E$2:$E$248,$A67,'Clean Data'!$AH$2:$AH$248,"?*") -> 9
A68: Male | B68: =COUNTIFS('Clean Data'!$E$2:$E$248,$A68) -> 117 | C68: =B68/COUNTA('Clean Data'!$A$2:$A$248) -> 0.47368421 | D68: =IFERROR(AVERAGEIFS('Clean Data'!$N$2:$N$248,'Clean Data'!$E$2:$E$248,$A68),"") -> 6.8632479 | E68: =SUMIFS('Clean Data'!$N$2:$N$248,'Clean Data'!$E$2:$E$248,$A68) -> 803 | F68: =E68/SUM('Clean Data'!$N$2:$N$248) -> 0.51906917 | G68: =IFERROR(COUNTIFS('Clean Data'!$E$2:$E$248,$A68,'Clean Data'!$P$2:$P$248,TRUE())/B68,"") -> 0.2991453 | H68: =IFERROR(COUNTIFS('Clean Data'!$E$2:$E$248,$A68,'Clean Data'!$AB$2:$AB$248,TRUE())/B68,"") -> 0.35897436 | I68: =IFERROR(COUNTIFS('Clean Data'!$E$2:$E$248,$A68,'Clean Data'!$Y$2:$Y$248,TRUE())/B68,"") -> 0.29059829 | J68: =COUNTIFS('Clean Data'!$E$2:$E$248,$A68,'Clean Data'!$AC$2:$AC$248,"<>") -> 29 | K68: =IFERROR(AVERAGEIFS('Clean Data'!$AC$2:$AC$248,'Clean Data'!$E$2:$E$248,$A68),"-") -> 2881.8276 | L68: =COUNTIFS('Clean Data'!$E$2:$E$248,$A68,'Clean Data'!$AH$2:$AH$248,"?*") -> 15
A69: Total | B69: =SUM(B67:B68) -> 247 | C69: =SUM(C67:C68) -> 1 | D69: =E69/B69 -> 6.2631579 | E69: =SUM(E67:E68) -> 1547 | F69: =SUM(F67:F68) -> 1 | J69: =SUM(J67:J68) -> 52 | L69: =SUM(L67:L68) -> 24
A72: By admission month
A73: Admission month | B73: Admissions | C73: % of admissions | D73: ALOS (days) | E73: Bed-days | F73: % of bed-days | G73: Long-stay rate | H73: High-severity share | I73: Uninsured rate | J73: Genuine bills | K73: Avg genuine bill | L73: Clinical review flags
A74: Jan | B74: =COUNTIFS('Clean Data'!$S$2:$S$248,$A74) -> 24 | C74: =B74/COUNTA('Clean Data'!$A$2:$A$248) -> 0.097165992 | D74: =IFERROR(AVERAGEIFS('Clean Data'!$N$2:$N$248,'Clean Data'!$S$2:$S$248,$A74),"") -> 6.5833333 | E74: =SUMIFS('Clean Data'!$N$2:$N$248,'Clean Data'!$S$2:$S$248,$A74) -> 158 | F74: =E74/SUM('Clean Data'!$N$2:$N$248) -> 0.10213316 | G74: =IFERROR(COUNTIFS('Clean Data'!$S$2:$S$248,$A74,'Clean Data'!$P$2:$P$248,TRUE())/B74,"") -> 0.25 | H74: =IFERROR(COUNTIFS('Clean Data'!$S$2:$S$248,$A74,'Clean Data'!$AB$2:$AB$248,TRUE())/B74,"") -> 0.20833333 | I74: =IFERROR(COUNTIFS('Clean Data'!$S$2:$S$248,$A74,'Clean Data'!$Y$2:$Y$248,TRUE())/B74,"") -> 0.33333333 | J74: =COUNTIFS('Clean Data'!$S$2:$S$248,$A74,'Clean Data'!$AC$2:$AC$248,"<>") -> 4 | K74: =IFERROR(AVERAGEIFS('Clean Data'!$AC$2:$AC$248,'Clean Data'!$S$2:$S$248,$A74),"-") -> 3856.25 | L74: =COUNTIFS('Clean Data'!$S$2:$S$248,$A74,'Clean Data'!$AH$2:$AH$248,"?*") -> 2
A75: Feb | B75: =COUNTIFS('Clean Data'!$S$2:$S$248,$A75) -> 17 | C75: =B75/COUNTA('Clean Data'!$A$2:$A$248) -> 0.068825911 | D75: =IFERROR(AVERAGEIFS('Clean Data'!$N$2:$N$248,'Clean Data'!$S$2:$S$248,$A75),"") -> 7.7647059 | E75: =SUMIFS('Clean Data'!$N$2:$N$248,'Clean Data'!$S$2:$S$248,$A75) -> 132 | F75: =E75/SUM('Clean Data'!$N$2:$N$248) -> 0.085326438 | G75: =IFERROR(COUNTIFS('Clean Data'!$S$2:$S$248,$A75,'Clean Data'!$P$2:$P$248,TRUE())/B75,"") -> 0.41176471 | H75: =IFERROR(COUNTIFS('Clean Data'!$S$2:$S$248,$A75,'Clean Data'!$AB$2:$AB$248,TRUE())/B75,"") -> 0.35294118 | I75: =IFERROR(COUNTIFS('Clean Data'!$S$2:$S$248,$A75,'Clean Data'!$Y$2:$Y$248,TRUE())/B75,"") -> 0 | J75: =COUNTIFS('Clean Data'!$S$2:$S$248,$A75,'Clean Data'!$AC$2:$AC$248,"<>") -> 6 | K75: =IFERROR(AVERAGEIFS('Clean Data'!$AC$2:$AC$248,'Clean Data'!$S$2:$S$248,$A75),"-") -> 2962 | L75: =COUNTIFS('Clean Data'!$S$2:$S$248,$A75,'Clean Data'!$AH$2:$AH$248,"?*") -> 2
A76: Mar | B76: =COUNTIFS('Clean Data'!$S$2:$S$248,$A76) -> 19 | C76: =B76/COUNTA('Clean Data'!$A$2:$A$248) -> 0.076923077 | D76: =IFERROR(AVERAGEIFS('Clean Data'!$N$2:$N$248,'Clean Data'!$S$2:$S$248,$A76),"") -> 5.8947368 | E76: =SUMIFS('Clean Data'!$N$2:$N$248,'Clean Data'!$S$2:$S$248,$A76) -> 112 | F76: =E76/SUM('Clean Data'!$N$2:$N$248) -> 0.07239819 | G76: =IFERROR(COUNTIFS('Clean Data'!$S$2:$S$248,$A76,'Clean Data'!$P$2:$P$248,TRUE())/B76,"") -> 0.15789474 | H76: =IFERROR(COUNTIFS('Clean Data'!$S$2:$S$248,$A76,'Clean Data'!$AB$2:$AB$248,TRUE())/B76,"") -> 0.42105263 | I76: =IFERROR(COUNTIFS('Clean Data'!$S$2:$S$248,$A76,'Clean Data'!$Y$2:$Y$248,TRUE())/B76,"") -> 0.31578947 | J76: =COUNTIFS('Clean Data'!$S$2:$S$248,$A76,'Clean Data'!$AC$2:$AC$248,"<>") -> 3 | K76: =IFERROR(AVERAGEIFS('Clean Data'!$AC$2:$AC$248,'Clean Data'!$S$2:$S$248,$A76),"-") -> 4177 | L76: =COUNTIFS('Clean Data'!$S$2:$S$248,$A76,'Clean Data'!$AH$2:$AH$248,"?*") -> 1
A77: Apr | B77: =COUNTIFS('Clean Data'!$S$2:$S$248,$A77) -> 17 | C77: =B77/COUNTA('Clean Data'!$A$2:$A$248) -> 0.068825911 | D77: =IFERROR(AVERAGEIFS('Clean Data'!$N$2:$N$248,'Clean Data'!$S$2:$S$248,$A77),"") -> 7.1764706 | E77: =SUMIFS('Clean Data'!$N$2:$N$248,'Clean Data'!$S$2:$S$248,$A77) -> 122 | F77: =E77/SUM('Clean Data'!$N$2:$N$248) -> 0.078862314 | G77: =IFERROR(COUNTIFS('Clean Data'!$S$2:$S$248,$A77,'Clean Data'!$P$2:$P$248,TRUE())/B77,"") -> 0.35294118 | H77: =IFERROR(COUNTIFS('Clean Data'!$S$2:$S$248,$A77,'Clean Data'!$AB$2:$AB$248,TRUE())/B77,"") -> 0.47058824 | I77: =IFERROR(COUNTIFS('Clean Data'!$S$2:$S$248,$A77,'Clean Data'!$Y$2:$Y$248,TRUE())/B77,"") -> 0.23529412 | J77: =COUNTIFS('Clean Data'!$S$2:$S$248,$A77,'Clean Data'!$AC$2:$AC$248,"<>") -> 5 | K77: =IFERROR(AVERAGEIFS('Clean Data'!$AC$2:$AC$248,'Clean Data'!$S$2:$S$248,$A77),"-") -> 2751.4 | L77: =COUNTIFS('Clean Data'!$S$2:$S$248,$A77,'Clean Data'!$AH$2:$AH$248,"?*") -> 2
A78: May | B78: =COUNTIFS('Clean Data'!$S$2:$S$248,$A78) -> 32 | C78: =B78/COUNTA('Clean Data'!$A$2:$A$248) -> 0.12955466 | D78: =IFERROR(AVERAGEIFS('Clean Data'!$N$2:$N$248,'Clean Data'!$S$2:$S$248,$A78),"") -> 7.34375 | E78: =SUMIFS('Clean Data'!$N$2:$N$248,'Clean Data'!$S$2:$S$248,$A78) -> 235 | F78: =E78/SUM('Clean Data'!$N$2:$N$248) -> 0.15190692 | G78: =IFERROR(COUNTIFS('Clean Data'!$S$2:$S$248,$A78,'Clean Data'!$P$2:$P$248,TRUE())/B78,"") -> 0.3125 | H78: =IFERROR(COUNTIFS('Clean Data'!$S$2:$S$248,$A78,'Clean Data'!$AB$2:$AB$248,TRUE())/B78,"") -> 0.375 | I78: =IFERROR(COUNTIFS('Clean Data'!$S$2:$S$248,$A78,'Clean Data'!$Y$2:$Y$248,TRUE())/B78,"") -> 0.3125 | J78: =COUNTIFS('Clean Data'!$S$2:$S$248,$A78,'Clean Data'!$AC$2:$AC$248,"<>") -> 6 | K78: =IFERROR(AVERAGEIFS('Clean Data'!$AC$2:$AC$248,'Clean Data'!$S$2:$S$248,$A78),"-") -> 2899.1667 | L78: =COUNTIFS('Clean Data'!$S$2:$S$248,$A78,'Clean Data'!$AH$2:$AH$248,"?*") -> 4
A79: Jun | B79: =COUNTIFS('Clean Data'!$S$2:$S$248,$A79) -> 21 | C79: =B79/COUNTA('Clean Data'!$A$2:$A$248) -> 0.085020243 | D79: =IFERROR(AVERAGEIFS('Clean Data'!$N$2:$N$248,'Clean Data'!$S$2:$S$248,$A79),"") -> 4.3333333 | E79: =SUMIFS('Clean Data'!$N$2:$N$248,'Clean Data'!$S$2:$S$248,$A79) -> 91 | F79: =E79/SUM('Clean Data'!$N$2:$N$248) -> 0.058823529 | G79: =IFERROR(COUNTIFS('Clean Data'!$S$2:$S$248,$A79,'Clean Data'!$P$2:$P$248,TRUE())/B79,"") -> 0.14285714 | H79: =IFERROR(COUNTIFS('Clean Data'!$S$2:$S$248,$A79,'Clean Data'!$AB$2:$AB$248,TRUE())/B79,"") -> 0.47619048 | I79: =IFERROR(COUNTIFS('Clean Data'!$S$2:$S$248,$A79,'Clean Data'!$Y$2:$Y$248,TRUE())/B79,"") -> 0.14285714 | J79: =COUNTIFS('Clean Data'!$S$2:$S$248,$A79,'Clean Data'!$AC$2:$AC$248,"<>") -> 9 | K79: =IFERROR(AVERAGEIFS('Clean Data'!$AC$2:$AC$248,'Clean Data'!$S$2:$S$248,$A79),"-") -> 1902.6667 | L79: =COUNTIFS('Clean Data'!$S$2:$S$248,$A79,'Clean Data'!$AH$2:$AH$248,"?*") -> 1
A80: Jul | B80: =COUNTIFS('Clean Data'!$S$2:$S$248,$A80) -> 21 | C80: =B80/COUNTA('Clean Data'!$A$2:$A$248) -> 0.085020243 | D80: =IFERROR(AVERAGEIFS('Clean Data'!$N$2:$N$248,'Clean Data'!$S$2:$S$248,$A80),"") -> 5.3333333 | E80: =SUMIFS('Clean Data'!$N$2:$N$248,'Clean Data'!$S$2:$S$248,$A80) -> 112 | F80: =E80/SUM('Clean Data'!$N$2:$N$248) -> 0.07239819 | G80: =IFERROR(COUNTIFS('Clean Data'!$S$2:$S$248,$A80,'Clean Data'!$P$2:$P$248,TRUE())/B80,"") -> 0.14285714 | H80: =IFERROR(COUNTIFS('Clean Data'!$S$2:$S$248,$A80,'Clean Data'!$AB$2:$AB$248,TRUE())/B80,"") -> 0.28571429 | I80: =IFERROR(COUNTIFS('Clean Data'!$S$2:$S$248,$A80,'Clean Data'!$Y$2:$Y$248,TRUE())/B80,"") -> 0.28571429 | J80: =COUNTIFS('Clean Data'!$S$2:$S$248,$A80,'Clean Data'!$AC$2:$AC$248,"<>") -> 1 | K80: =IFERROR(AVERAGEIFS('Clean Data'!$AC$2:$AC$248,'Clean Data'!$S$2:$S$248,$A80),"-") -> 1262 | L80: =COUNTIFS('Clean Data'!$S$2:$S$248,$A80,'Clean Data'!$AH$2:$AH$248,"?*") -> 2
A81: Aug | B81: =COUNTIFS('Clean Data'!$S$2:$S$248,$A81) -> 10 | C81: =B81/COUNTA('Clean Data'!$A$2:$A$248) -> 0.04048583 | D81: =IFERROR(AVERAGEIFS('Clean Data'!$N$2:$N$248,'Clean Data'!$S$2:$S$248,$A81),"") -> 8.1 | E81: =SUMIFS('Clean Data'!$N$2:$N$248,'Clean Data'!$S$2:$S$248,$A81) -> 81 | F81: =E81/SUM('Clean Data'!$N$2:$N$248) -> 0.052359405 | G81: =IFERROR(COUNTIFS('Clean Data'!$S$2:$S$248,$A81,'Clean Data'!$P$2:$P$248,TRUE())/B81,"") -> 0.3 | H81: =IFERROR(COUNTIFS('Clean Data'!$S$2:$S$248,$A81,'Clean Data'!$AB$2:$AB$248,TRUE())/B81,"") -> 0.5 | I81: =IFERROR(COUNTIFS('Clean Data'!$S$2:$S$248,$A81,'Clean Data'!$Y$2:$Y$248,TRUE())/B81,"") -> 0.5 | J81: =COUNTIFS('Clean Data'!$S$2:$S$248,$A81,'Clean Data'!$AC$2:$AC$248,"<>") -> 1 | K81: =IFERROR(AVERAGEIFS('Clean Data'!$AC$2:$AC$248,'Clean Data'!$S$2:$S$248,$A81),"-") -> 3630 | L81: =COUNTIFS('Clean Data'!$S$2:$S$248,$A81,'Clean Data'!$AH$2:$AH$248,"?*") -> 4
A82: Sep | B82: =COUNTIFS('Clean Data'!$S$2:$S$248,$A82) -> 15 | C82: =B82/COUNTA('Clean Data'!$A$2:$A$248) -> 0.060728745 | D82: =IFERROR(AVERAGEIFS('Clean Data'!$N$2:$N$248,'Clean Data'!$S$2:$S$248,$A82),"") -> 6.2666667 | E82: =SUMIFS('Clean Data'!$N$2:$N$248,'Clean Data'!$S$2:$S$248,$A82) -> 94 | F82: =E82/SUM('Clean Data'!$N$2:$N$248) -> 0.060762767 | G82: =IFERROR(COUNTIFS('Clean Data'!$S$2:$S$248,$A82,'Clean Data'!$P$2:$P$248,TRUE())/B82,"") -> 0.2 | H82: =IFERROR(COUNTIFS('Clean Data'!$S$2:$S$248,$A82,'Clean Data'!$AB$2:$AB$248,TRUE())/B82,"") -> 0.53333333 | I82: =IFERROR(COUNTIFS('Clean Data'!$S$2:$S$248,$A82,'Clean Data'!$Y$2:$Y$248,TRUE())/B82,"") -> 0.4 | J82: =COUNTIFS('Clean Data'!$S$2:$S$248,$A82,'Clean Data'!$AC$2:$AC$248,"<>") -> 4 | K82: =IFERROR(AVERAGEIFS('Clean Data'!$AC$2:$AC$248,'Clean Data'!$S$2:$S$248,$A82),"-") -> 2231.5 | L82: =COUNTIFS('Clean Data'!$S$2:$S$248,$A82,'Clean Data'!$AH$2:$AH$248,"?*") -> 0
A83: Oct | B83: =COUNTIFS('Clean Data'!$S$2:$S$248,$A83) -> 28 | C83: =B83/COUNTA('Clean Data'!$A$2:$A$248) -> 0.11336032 | D83: =IFERROR(AVERAGEIFS('Clean Data'!$N$2:$N$248,'Clean Data'!$S$2:$S$248,$A83),"") -> 6.1428571 | E83: =SUMIFS('Clean Data'!$N$2:$N$248,'Clean Data'!$S$2:$S$248,$A83) -> 172 | F83: =E83/SUM('Clean Data'!$N$2:$N$248) -> 0.11118293 | G83: =IFERROR(COUNTIFS('Clean Data'!$S$2:$S$248,$A83,'Clean Data'!$P$2:$P$248,TRUE())/B83,"") -> 0.28571429 | H83: =IFERROR(COUNTIFS('Clean Data'!$S$2:$S$248,$A83,'Clean Data'!$AB$2:$AB$248,TRUE())/B83,"") -> 0.39285714 | I83: =IFERROR(COUNTIFS('Clean Data'!$S$2:$S$248,$A83,'Clean Data'!$Y$2:$Y$248,TRUE())/B83,"") -> 0.25 | J83: =COUNTIFS('Clean Data'!$S$2:$S$248,$A83,'Clean Data'!$AC$2:$AC$248,"<>") -> 7 | K83: =IFERROR(AVERAGEIFS('Clean Data'!$AC$2:$AC$248,'Clean Data'!$S$2:$S$248,$A83),"-") -> 2611.5714 | L83: =COUNTIFS('Clean Data'!$S$2:$S$248,$A83,'Clean Data'!$AH$2:$AH$248,"?*") -> 2
A84: Nov | B84: =COUNTIFS('Clean Data'!$S$2:$S$248,$A84) -> 19 | C84: =B84/COUNTA('Clean Data'!$A$2:$A$248) -> 0.076923077 | D84: =IFERROR(AVERAGEIFS('Clean Data'!$N$2:$N$248,'Clean Data'!$S$2:$S$248,$A84),"") -> 6.0526316 | E84: =SUMIFS('Clean Data'!$N$2:$N$248,'Clean Data'!$S$2:$S$248,$A84) -> 115 | F84: =E84/SUM('Clean Data'!$N$2:$N$248) -> 0.074337427 | G84: =IFERROR(COUNTIFS('Clean Data'!$S$2:$S$248,$A84,'Clean Data'!$P$2:$P$248,TRUE())/B84,"") -> 0.31578947 | H84: =IFERROR(COUNTIFS('Clean Data'!$S$2:$S$248,$A84,'Clean Data'!$AB$2:$AB$248,TRUE())/B84,"") -> 0.15789474 | I84: =IFERROR(COUNTIFS('Clean Data'!$S$2:$S$248,$A84,'Clean Data'!$Y$2:$Y$248,TRUE())/B84,"") -> 0.31578947 | J84: =COUNTIFS('Clean Data'!$S$2:$S$248,$A84,'Clean Data'!$AC$2:$AC$248,"<>") -> 4 | K84: =IFERROR(AVERAGEIFS('Clean Data'!$AC$2:$AC$248,'Clean Data'!$S$2:$S$248,$A84),"-") -> 4303 | L84: =COUNTIFS('Clean Data'!$S$2:$S$248,$A84,'Clean Data'!$AH$2:$AH$248,"?*") -> 3
A85: Dec | B85: =COUNTIFS('Clean Data'!$S$2:$S$248,$A85) -> 24 | C85: =B85/COUNTA('Clean Data'!$A$2:$A$248) -> 0.097165992 | D85: =IFERROR(AVERAGEIFS('Clean Data'!$N$2:$N$248,'Clean Data'!$S$2:$S$248,$A85),"") -> 5.125 | E85: =SUMIFS('Clean Data'!$N$2:$N$248,'Clean Data'!$S$2:$S$248,$A85) -> 123 | F85: =E85/SUM('Clean Data'!$N$2:$N$248) -> 0.079508727 | G85: =IFERROR(COUNTIFS('Clean Data'!$S$2:$S$248,$A85,'Clean Data'!$P$2:$P$248,TRUE())/B85,"") -> 0.20833333 | H85: =IFERROR(COUNTIFS('Clean Data'!$S$2:$S$248,$A85,'Clean Data'!$AB$2:$AB$248,TRUE())/B85,"") -> 0.29166667 | I85: =IFERROR(COUNTIFS('Clean Data'!$S$2:$S$248,$A85,'Clean Data'!$Y$2:$Y$248,TRUE())/B85,"") -> 0.45833333 | J85: =COUNTIFS('Clean Data'!$S$2:$S$248,$A85,'Clean Data'!$AC$2:$AC$248,"<>") -> 2 | K85: =IFERROR(AVERAGEIFS('Clean Data'!$AC$2:$AC$248,'Clean Data'!$S$2:$S$248,$A85),"-") -> 4920 | L85: =COUNTIFS('Clean Data'!$S$2:$S$248,$A85,'Clean Data'!$AH$2:$AH$248,"?*") -> 1
A86: Total | B86: =SUM(B74:B85) -> 247 | C86: =SUM(C74:C85) -> 1 | D86: =E86/B86 -> 6.2631579 | E86: =SUM(E74:E85) -> 1547 | F86: =SUM(F74:F85) -> 1 | J86: =SUM(J74:J85) -> 52 | L86: =SUM(L74:L85) -> 24
A89: By admission weekday
A90: Admission weekday | B90: Admissions | C90: % of admissions | D90: ALOS (days) | E90: Bed-days | F90: % of bed-days | G90: Long-stay rate | H90: High-severity share | I90: Uninsured rate | J90: Genuine bills | K90: Avg genuine bill | L90: Clinical review flags
A91: Saturday | B91: =COUNTIFS('Clean Data'!$U$2:$U$248,$A91) -> 28 | C91: =B91/COUNTA('Clean Data'!$A$2:$A$248) -> 0.11336032 | D91: =IFERROR(AVERAGEIFS('Clean Data'!$N$2:$N$248,'Clean Data'!$U$2:$U$248,$A91),"") -> 5.6785714 | E91: =SUMIFS('Clean Data'!$N$2:$N$248,'Clean Data'!$U$2:$U$248,$A91) -> 159 | F91: =E91/SUM('Clean Data'!$N$2:$N$248) -> 0.10277957 | G91: =IFERROR(COUNTIFS('Clean Data'!$U$2:$U$248,$A91,'Clean Data'!$P$2:$P$248,TRUE())/B91,"") -> 0.17857143 | H91: =IFERROR(COUNTIFS('Clean Data'!$U$2:$U$248,$A91,'Clean Data'!$AB$2:$AB$248,TRUE())/B91,"") -> 0.39285714 | I91: =IFERROR(COUNTIFS('Clean Data'!$U$2:$U$248,$A91,'Clean Data'!$Y$2:$Y$248,TRUE())/B91,"") -> 0.21428571 | J91: =COUNTIFS('Clean Data'!$U$2:$U$248,$A91,'Clean Data'!$AC$2:$AC$248,"<>") -> 7 | K91: =IFERROR(AVERAGEIFS('Clean Data'!$AC$2:$AC$248,'Clean Data'!$U$2:$U$248,$A91),"-") -> 2562 | L91: =COUNTIFS('Clean Data'!$U$2:$U$248,$A91,'Clean Data'!$AH$2:$AH$248,"?*") -> 2
A92: Sunday | B92: =COUNTIFS('Clean Data'!$U$2:$U$248,$A92) -> 34 | C92: =B92/COUNTA('Clean Data'!$A$2:$A$248) -> 0.13765182 | D92: =IFERROR(AVERAGEIFS('Clean Data'!$N$2:$N$248,'Clean Data'!$U$2:$U$248,$A92),"") -> 7.2941176 | E92: =SUMIFS('Clean Data'!$N$2:$N$248,'Clean Data'!$U$2:$U$248,$A92) -> 248 | F92: =E92/SUM('Clean Data'!$N$2:$N$248) -> 0.16031028 | G92: =IFERROR(COUNTIFS('Clean Data'!$U$2:$U$248,$A92,'Clean Data'!$P$2:$P$248,TRUE())/B92,"") -> 0.29411765 | H92: =IFERROR(COUNTIFS('Clean Data'!$U$2:$U$248,$A92,'Clean Data'!$AB$2:$AB$248,TRUE())/B92,"") -> 0.44117647 | I92: =IFERROR(COUNTIFS('Clean Data'!$U$2:$U$248,$A92,'Clean Data'!$Y$2:$Y$248,TRUE())/B92,"") -> 0.38235294 | J92: =COUNTIFS('Clean Data'!$U$2:$U$248,$A92,'Clean Data'!$AC$2:$AC$248,"<>") -> 7 | K92: =IFERROR(AVERAGEIFS('Clean Data'!$AC$2:$AC$248,'Clean Data'!$U$2:$U$248,$A92),"-") -> 3047.2857 | L92: =COUNTIFS('Clean Data'!$U$2:$U$248,$A92,'Clean Data'!$AH$2:$AH$248,"?*") -> 2
A93: Monday | B93: =COUNTIFS('Clean Data'!$U$2:$U$248,$A93) -> 29 | C93: =B93/COUNTA('Clean Data'!$A$2:$A$248) -> 0.11740891 | D93: =IFERROR(AVERAGEIFS('Clean Data'!$N$2:$N$248,'Clean Data'!$U$2:$U$248,$A93),"") -> 5.6206897 | E93: =SUMIFS('Clean Data'!$N$2:$N$248,'Clean Data'!$U$2:$U$248,$A93) -> 163 | F93: =E93/SUM('Clean Data'!$N$2:$N$248) -> 0.10536522 | G93: =IFERROR(COUNTIFS('Clean Data'!$U$2:$U$248,$A93,'Clean Data'!$P$2:$P$248,TRUE())/B93,"") -> 0.20689655 | H93: =IFERROR(COUNTIFS('Clean Data'!$U$2:$U$248,$A93,'Clean Data'!$AB$2:$AB$248,TRUE())/B93,"") -> 0.37931034 | I93: =IFERROR(COUNTIFS('Clean Data'!$U$2:$U$248,$A93,'Clean Data'!$Y$2:$Y$248,TRUE())/B93,"") -> 0.34482759 | J93: =COUNTIFS('Clean Data'!$U$2:$U$248,$A93,'Clean Data'!$AC$2:$AC$248,"<>") -> 6 | K93: =IFERROR(AVERAGEIFS('Clean Data'!$AC$2:$AC$248,'Clean Data'!$U$2:$U$248,$A93),"-") -> 2045.1667 | L93: =COUNTIFS('Clean Data'!$U$2:$U$248,$A93,'Clean Data'!$AH$2:$AH$248,"?*") -> 1
A94: Tuesday | B94: =COUNTIFS('Clean Data'!$U$2:$U$248,$A94) -> 49 | C94: =B94/COUNTA('Clean Data'!$A$2:$A$248) -> 0.19838057 | D94: =IFERROR(AVERAGEIFS('Clean Data'!$N$2:$N$248,'Clean Data'!$U$2:$U$248,$A94),"") -> 6 | E94: =SUMIFS('Clean Data'!$N$2:$N$248,'Clean Data'!$U$2:$U$248,$A94) -> 294 | F94: =E94/SUM('Clean Data'!$N$2:$N$248) -> 0.19004525 | G94: =IFERROR(COUNTIFS('Clean Data'!$U$2:$U$248,$A94,'Clean Data'!$P$2:$P$248,TRUE())/B94,"") -> 0.24489796 | H94: =IFERROR(COUNTIFS('Clean Data'!$U$2:$U$248,$A94,'Clean Data'!$AB$2:$AB$248,TRUE())/B94,"") -> 0.30612245 | I94: =IFERROR(COUNTIFS('Clean Data'!$U$2:$U$248,$A94,'Clean Data'!$Y$2:$Y$248,TRUE())/B94,"") -> 0.24489796 | J94: =COUNTIFS('Clean Data'!$U$2:$U$248,$A94,'Clean Data'!$AC$2:$AC$248,"<>") -> 8 | K94: =IFERROR(AVERAGEIFS('Clean Data'!$AC$2:$AC$248,'Clean Data'!$U$2:$U$248,$A94),"-") -> 3242.25 | L94: =COUNTIFS('Clean Data'!$U$2:$U$248,$A94,'Clean Data'!$AH$2:$AH$248,"?*") -> 5
A95: Wednesday | B95: =COUNTIFS('Clean Data'!$U$2:$U$248,$A95) -> 46 | C95: =B95/COUNTA('Clean Data'!$A$2:$A$248) -> 0.18623482 | D95: =IFERROR(AVERAGEIFS('Clean Data'!$N$2:$N$248,'Clean Data'!$U$2:$U$248,$A95),"") -> 6.3478261 | E95: =SUMIFS('Clean Data'!$N$2:$N$248,'Clean Data'!$U$2:$U$248,$A95) -> 292 | F95: =E95/SUM('Clean Data'!$N$2:$N$248) -> 0.18875242 | G95: =IFERROR(COUNTIFS('Clean Data'!$U$2:$U$248,$A95,'Clean Data'!$P$2:$P$248,TRUE())/B95,"") -> 0.30434783 | H95: =IFERROR(COUNTIFS('Clean Data'!$U$2:$U$248,$A95,'Clean Data'!$AB$2:$AB$248,TRUE())/B95,"") -> 0.34782609 | I95: =IFERROR(COUNTIFS('Clean Data'!$U$2:$U$248,$A95,'Clean Data'!$Y$2:$Y$248,TRUE())/B95,"") -> 0.36956522 | J95: =COUNTIFS('Clean Data'!$U$2:$U$248,$A95,'Clean Data'!$AC$2:$AC$248,"<>") -> 11 | K95: =IFERROR(AVERAGEIFS('Clean Data'!$AC$2:$AC$248,'Clean Data'!$U$2:$U$248,$A95),"-") -> 3377.3636 | L95: =COUNTIFS('Clean Data'!$U$2:$U$248,$A95,'Clean Data'!$AH$2:$AH$248,"?*") -> 5
A96: Thursday | B96: =COUNTIFS('Clean Data'!$U$2:$U$248,$A96) -> 41 | C96: =B96/COUNTA('Clean Data'!$A$2:$A$248) -> 0.1659919 | D96: =IFERROR(AVERAGEIFS('Clean Data'!$N$2:$N$248,'Clean Data'!$U$2:$U$248,$A96),"") -> 5.1463415 | E96: =SUMIFS('Clean Data'!$N$2:$N$248,'Clean Data'!$U$2:$U$248,$A96) -> 211 | F96: =E96/SUM('Clean Data'!$N$2:$N$248) -> 0.13639302 | G96: =IFERROR(COUNTIFS('Clean Data'!$U$2:$U$248,$A96,'Clean Data'!$P$2:$P$248,TRUE())/B96,"") -> 0.19512195 | H96: =IFERROR(COUNTIFS('Clean Data'!$U$2:$U$248,$A96,'Clean Data'!$AB$2:$AB$248,TRUE())/B96,"") -> 0.29268293 | I96: =IFERROR(COUNTIFS('Clean Data'!$U$2:$U$248,$A96,'Clean Data'!$Y$2:$Y$248,TRUE())/B96,"") -> 0.26829268 | J96: =COUNTIFS('Clean Data'!$U$2:$U$248,$A96,'Clean Data'!$AC$2:$AC$248,"<>") -> 11 | K96: =IFERROR(AVERAGEIFS('Clean Data'!$AC$2:$AC$248,'Clean Data'!$U$2:$U$248,$A96),"-") -> 2902.2727 | L96: =COUNTIFS('Clean Data'!$U$2:$U$248,$A96,'Clean Data'!$AH$2:$AH$248,"?*") -> 5
A97: Friday | B97: =COUNTIFS('Clean Data'!$U$2:$U$248,$A97) -> 20 | C97: =B97/COUNTA('Clean Data'!$A$2:$A$248) -> 0.08097166 | D97: =IFERROR(AVERAGEIFS('Clean Data'!$N$2:$N$248,'Clean Data'!$U$2:$U$248,$A97),"") -> 9 | E97: =SUMIFS('Clean Data'!$N$2:$N$248,'Clean Data'!$U$2:$U$248,$A97) -> 180 | F97: =E97/SUM('Clean Data'!$N$2:$N$248) -> 0.11635423 | G97: =IFERROR(COUNTIFS('Clean Data'!$U$2:$U$248,$A97,'Clean Data'!$P$2:$P$248,TRUE())/B97,"") -> 0.4 | H97: =IFERROR(COUNTIFS('Clean Data'!$U$2:$U$248,$A97,'Clean Data'!$AB$2:$AB$248,TRUE())/B97,"") -> 0.45 | I97: =IFERROR(COUNTIFS('Clean Data'!$U$2:$U$248,$A97,'Clean Data'!$Y$2:$Y$248,TRUE())/B97,"") -> 0.15 | J97: =COUNTIFS('Clean Data'!$U$2:$U$248,$A97,'Clean Data'!$AC$2:$AC$248,"<>") -> 2 | K97: =IFERROR(AVERAGEIFS('Clean Data'!$AC$2:$AC$248,'Clean Data'!$U$2:$U$248,$A97),"-") -> 3302.5 | L97: =COUNTIFS('Clean Data'!$U$2:$U$248,$A97,'Clean Data'!$AH$2:$AH$248,"?*") -> 4
A98: Total | B98: =SUM(B91:B97) -> 247 | C98: =SUM(C91:C97) -> 1 | D98: =E98/B98 -> 6.2631579 | E98: =SUM(E91:E97) -> 1547 | F98: =SUM(F91:F97) -> 1 | J98: =SUM(J91:J97) -> 52 | L98: =SUM(L91:L97) -> 24
A101: By stay band
A102: Stay band | B102: Admissions | C102: % of admissions | D102: ALOS (days) | E102: Bed-days | F102: % of bed-days | G102: Long-stay rate | H102: High-severity share | I102: Uninsured rate | J102: Genuine bills | K102: Avg genuine bill | L102: Clinical review flags
A103: 1-3 days | B103: =COUNTIFS('Clean Data'!$O$2:$O$248,$A103) -> 113 | C103: =B103/COUNTA('Clean Data'!$A$2:$A$248) -> 0.45748988 | D103: =IFERROR(AVERAGEIFS('Clean Data'!$N$2:$N$248,'Clean Data'!$O$2:$O$248,$A103),"") -> 2.2035398 | E103: =SUMIFS('Clean Data'!$N$2:$N$248,'Clean Data'!$O$2:$O$248,$A103) -> 249 | F103: =E103/SUM('Clean Data'!$N$2:$N$248) -> 0.16095669 | G103: =IFERROR(COUNTIFS('Clean Data'!$O$2:$O$248,$A103,'Clean Data'!$P$2:$P$248,TRUE())/B103,"") -> 0 | H103: =IFERROR(COUNTIFS('Clean Data'!$O$2:$O$248,$A103,'Clean Data'!$AB$2:$AB$248,TRUE())/B103,"") -> 0.37168142 | I103: =IFERROR(COUNTIFS('Clean Data'!$O$2:$O$248,$A103,'Clean Data'!$Y$2:$Y$248,TRUE())/B103,"") -> 0.28318584 | J103: =COUNTIFS('Clean Data'!$O$2:$O$248,$A103,'Clean Data'!$AC$2:$AC$248,"<>") -> 31 | K103: =IFERROR(AVERAGEIFS('Clean Data'!$AC$2:$AC$248,'Clean Data'!$O$2:$O$248,$A103),"-") -> 2259.871 | L103: =COUNTIFS('Clean Data'!$O$2:$O$248,$A103,'Clean Data'!$AH$2:$AH$248,"?*") -> 6
A104: 4-7 days | B104: =COUNTIFS('Clean Data'!$O$2:$O$248,$A104) -> 71 | C104: =B104/COUNTA('Clean Data'!$A$2:$A$248) -> 0.28744939 | D104: =IFERROR(AVERAGEIFS('Clean Data'!$N$2:$N$248,'Clean Data'!$O$2:$O$248,$A104),"") -> 5 | E104: =SUMIFS('Clean Data'!$N$2:$N$248,'Clean Data'!$O$2:$O$248,$A104) -> 355 | F104: =E104/SUM('Clean Data'!$N$2:$N$248) -> 0.22947641 | G104: =IFERROR(COUNTIFS('Clean Data'!$O$2:$O$248,$A104,'Clean Data'!$P$2:$P$248,TRUE())/B104,"") -> 0 | H104: =IFERROR(COUNTIFS('Clean Data'!$O$2:$O$248,$A104,'Clean Data'!$AB$2:$AB$248,TRUE())/B104,"") -> 0.36619718 | I104: =IFERROR(COUNTIFS('Clean Data'!$O$2:$O$248,$A104,'Clean Data'!$Y$2:$Y$248,TRUE())/B104,"") -> 0.26760563 | J104: =COUNTIFS('Clean Data'!$O$2:$O$248,$A104,'Clean Data'!$AC$2:$AC$248,"<>") -> 18 | K104: =IFERROR(AVERAGEIFS('Clean Data'!$AC$2:$AC$248,'Clean Data'!$O$2:$O$248,$A104),"-") -> 3506.9444 | L104: =COUNTIFS('Clean Data'!$O$2:$O$248,$A104,'Clean Data'!$AH$2:$AH$248,"?*") -> 0
A105: 8-14 days | B105: =COUNTIFS('Clean Data'!$O$2:$O$248,$A105) -> 35 | C105: =B105/COUNTA('Clean Data'!$A$2:$A$248) -> 0.1417004 | D105: =IFERROR(AVERAGEIFS('Clean Data'!$N$2:$N$248,'Clean Data'!$O$2:$O$248,$A105),"") -> 11.6 | E105: =SUMIFS('Clean Data'!$N$2:$N$248,'Clean Data'!$O$2:$O$248,$A105) -> 406 | F105: =E105/SUM('Clean Data'!$N$2:$N$248) -> 0.26244344 | G105: =IFERROR(COUNTIFS('Clean Data'!$O$2:$O$248,$A105,'Clean Data'!$P$2:$P$248,TRUE())/B105,"") -> 1 | H105: =IFERROR(COUNTIFS('Clean Data'!$O$2:$O$248,$A105,'Clean Data'!$AB$2:$AB$248,TRUE())/B105,"") -> 0.31428571 | I105: =IFERROR(COUNTIFS('Clean Data'!$O$2:$O$248,$A105,'Clean Data'!$Y$2:$Y$248,TRUE())/B105,"") -> 0.37142857 | J105: =COUNTIFS('Clean Data'!$O$2:$O$248,$A105,'Clean Data'!$AC$2:$AC$248,"<>") -> 3 | K105: =IFERROR(AVERAGEIFS('Clean Data'!$AC$2:$AC$248,'Clean Data'!$O$2:$O$248,$A105),"-") -> 6658 | L105: =COUNTIFS('Clean Data'!$O$2:$O$248,$A105,'Clean Data'!$AH$2:$AH$248,"?*") -> 1
A106: 15+ days | B106: =COUNTIFS('Clean Data'!$O$2:$O$248,$A106) -> 28 | C106: =B106/COUNTA('Clean Data'!$A$2:$A$248) -> 0.11336032 | D106: =IFERROR(AVERAGEIFS('Clean Data'!$N$2:$N$248,'Clean Data'!$O$2:$O$248,$A106),"") -> 19.178571 | E106: =SUMIFS('Clean Data'!$N$2:$N$248,'Clean Data'!$O$2:$O$248,$A106) -> 537 | F106: =E106/SUM('Clean Data'!$N$2:$N$248) -> 0.34712346 | G106: =IFERROR(COUNTIFS('Clean Data'!$O$2:$O$248,$A106,'Clean Data'!$P$2:$P$248,TRUE())/B106,"") -> 1 | H106: =IFERROR(COUNTIFS('Clean Data'!$O$2:$O$248,$A106,'Clean Data'!$AB$2:$AB$248,TRUE())/B106,"") -> 0.35714286 | I106: =IFERROR(COUNTIFS('Clean Data'!$O$2:$O$248,$A106,'Clean Data'!$Y$2:$Y$248,TRUE())/B106,"") -> 0.28571429 | J106: =COUNTIFS('Clean Data'!$O$2:$O$248,$A106,'Clean Data'!$AC$2:$AC$248,"<>") -> 0 | K106: =IFERROR(AVERAGEIFS('Clean Data'!$AC$2:$AC$248,'Clean Data'!$O$2:$O$248,$A106),"-") -> - | L106: =COUNTIFS('Clean Data'!$O$2:$O$248,$A106,'Clean Data'!$AH$2:$AH$248,"?*") -> 17
A107: Total | B107: =SUM(B103:B106) -> 247 | C107: =SUM(C103:C106) -> 1 | D107: =E107/B107 -> 6.2631579 | E107: =SUM(E103:E106) -> 1547 | F107: =SUM(F103:F106) -> 1 | J107: =SUM(J103:J106) -> 52 | L107: =SUM(L103:L106) -> 24

Sheet Severity x Dx
A1: Severity mix by diagnosis
A2: Row % of each diagnosis by recorded severity. Watch for mismatches: stroke mostly 'Low', common cold mostly 'High'.
A4: Diagnosis | B4: Low (n) | C4: Medium (n) | D4: High (n) | E4: Total | F4: Low % | G4: Medium % | H4: High % | I4: ALOS (days)
A5: Influenza | B5: =COUNTIFS('Clean Data'!$G$2:$G$248,$A5,'Clean Data'!$Z$2:$Z$248,"Low") -> 12 | C5: =COUNTIFS('Clean Data'!$G$2:$G$248,$A5,'Clean Data'!$Z$2:$Z$248,"Medium") -> 15 | D5: =COUNTIFS('Clean Data'!$G$2:$G$248,$A5,'Clean Data'!$Z$2:$Z$248,"High") -> 13 | E5: =SUM(B5:D5) -> 40 | F5: =B5/$E5 -> 0.3 | G5: =C5/$E5 -> 0.375 | H5: =D5/$E5 -> 0.325 | I5: =AVERAGEIFS('Clean Data'!$N$2:$N$248,'Clean Data'!$G$2:$G$248,$A5) -> 6.275
A6: Fractures | B6: =COUNTIFS('Clean Data'!$G$2:$G$248,$A6,'Clean Data'!$Z$2:$Z$248,"Low") -> 15 | C6: =COUNTIFS('Clean Data'!$G$2:$G$248,$A6,'Clean Data'!$Z$2:$Z$248,"Medium") -> 12 | D6: =COUNTIFS('Clean Data'!$G$2:$G$248,$A6,'Clean Data'!$Z$2:$Z$248,"High") -> 10 | E6: =SUM(B6:D6) -> 37 | F6: =B6/$E6 -> 0.40540541 | G6: =C6/$E6 -> 0.32432432 | H6: =D6/$E6 -> 0.27027027 | I6: =AVERAGEIFS('Clean Data'!$N$2:$N$248,'Clean Data'!$G$2:$G$248,$A6) -> 5.1351351
A7: Chronic Allergy | B7: =COUNTIFS('Clean Data'!$G$2:$G$248,$A7,'Clean Data'!$Z$2:$Z$248,"Low") -> 8 | C7: =COUNTIFS('Clean Data'!$G$2:$G$248,$A7,'Clean Data'!$Z$2:$Z$248,"Medium") -> 10 | D7: =COUNTIFS('Clean Data'!$G$2:$G$248,$A7,'Clean Data'!$Z$2:$Z$248,"High") -> 16 | E7: =SUM(B7:D7) -> 34 | F7: =B7/$E7 -> 0.23529412 | G7: =C7/$E7 -> 0.29411765 | H7: =D7/$E7 -> 0.47058824 | I7: =AVERAGEIFS('Clean Data'!$N$2:$N$248,'Clean Data'!$G$2:$G$248,$A7) -> 6.7941176
A8: Common Cold | B8: =COUNTIFS('Clean Data'!$G$2:$G$248,$A8,'Clean Data'!$Z$2:$Z$248,"Low") -> 11 | C8: =COUNTIFS('Clean Data'!$G$2:$G$248,$A8,'Clean Data'!$Z$2:$Z$248,"Medium") -> 5 | D8: =COUNTIFS('Clean Data'!$G$2:$G$248,$A8,'Clean Data'!$Z$2:$Z$248,"High") -> 15 | E8: =SUM(B8:D8) -> 31 | F8: =B8/$E8 -> 0.35483871 | G8: =C8/$E8 -> 0.16129032 | H8: =D8/$E8 -> 0.48387097 | I8: =AVERAGEIFS('Clean Data'!$N$2:$N$248,'Clean Data'!$G$2:$G$248,$A8) -> 7.7419355
A9: Diabetes | B9: =COUNTIFS('Clean Data'!$G$2:$G$248,$A9,'Clean Data'!$Z$2:$Z$248,"Low") -> 4 | C9: =COUNTIFS('Clean Data'!$G$2:$G$248,$A9,'Clean Data'!$Z$2:$Z$248,"Medium") -> 11 | D9: =COUNTIFS('Clean Data'!$G$2:$G$248,$A9,'Clean Data'!$Z$2:$Z$248,"High") -> 13 | E9: =SUM(B9:D9) -> 28 | F9: =B9/$E9 -> 0.14285714 | G9: =C9/$E9 -> 0.39285714 | H9: =D9/$E9 -> 0.46428571 | I9: =AVERAGEIFS('Clean Data'!$N$2:$N$248,'Clean Data'!$G$2:$G$248,$A9) -> 5.6428571
A10: Hypertension | B10: =COUNTIFS('Clean Data'!$G$2:$G$248,$A10,'Clean Data'!$Z$2:$Z$248,"Low") -> 13 | C10: =COUNTIFS('Clean Data'!$G$2:$G$248,$A10,'Clean Data'!$Z$2:$Z$248,"Medium") -> 6 | D10: =COUNTIFS('Clean Data'!$G$2:$G$248,$A10,'Clean Data'!$Z$2:$Z$248,"High") -> 5 | E10: =SUM(B10:D10) -> 24 | F10: =B10/$E10 -> 0.54166667 | G10: =C10/$E10 -> 0.25 | H10: =D10/$E10 -> 0.20833333 | I10: =AVERAGEIFS('Clean Data'!$N$2:$N$248,'Clean Data'!$G$2:$G$248,$A10) -> 5.7916667
A11: Kidney Failure | B11: =COUNTIFS('Clean Data'!$G$2:$G$248,$A11,'Clean Data'!$Z$2:$Z$248,"Low") -> 4 | C11: =COUNTIFS('Clean Data'!$G$2:$G$248,$A11,'Clean Data'!$Z$2:$Z$248,"Medium") -> 10 | D11: =COUNTIFS('Clean Data'!$G$2:$G$248,$A11,'Clean Data'!$Z$2:$Z$248,"High") -> 5 | E11: =SUM(B11:D11) -> 19 | F11: =B11/$E11 -> 0.21052632 | G11: =C11/$E11 -> 0.52631579 | H11: =D11/$E11 -> 0.26315789 | I11: =AVERAGEIFS('Clean Data'!$N$2:$N$248,'Clean Data'!$G$2:$G$248,$A11) -> 6.4210526
A12: Migraine | B12: =COUNTIFS('Clean Data'!$G$2:$G$248,$A12,'Clean Data'!$Z$2:$Z$248,"Low") -> 8 | C12: =COUNTIFS('Clean Data'!$G$2:$G$248,$A12,'Clean Data'!$Z$2:$Z$248,"Medium") -> 4 | D12: =COUNTIFS('Clean Data'!$G$2:$G$248,$A12,'Clean Data'!$Z$2:$Z$248,"High") -> 3 | E12: =SUM(B12:D12) -> 15 | F12: =B12/$E12 -> 0.53333333 | G12: =C12/$E12 -> 0.26666667 | H12: =D12/$E12 -> 0.2 | I12: =AVERAGEIFS('Clean Data'!$N$2:$N$248,'Clean Data'!$G$2:$G$248,$A12) -> 6.4
A13: Stroke | B13: =COUNTIFS('Clean Data'!$G$2:$G$248,$A13,'Clean Data'!$Z$2:$Z$248,"Low") -> 5 | C13: =COUNTIFS('Clean Data'!$G$2:$G$248,$A13,'Clean Data'!$Z$2:$Z$248,"Medium") -> 3 | D13: =COUNTIFS('Clean Data'!$G$2:$G$248,$A13,'Clean Data'!$Z$2:$Z$248,"High") -> 3 | E13: =SUM(B13:D13) -> 11 | F13: =B13/$E13 -> 0.45454545 | G13: =C13/$E13 -> 0.27272727 | H13: =D13/$E13 -> 0.27272727 | I13: =AVERAGEIFS('Clean Data'!$N$2:$N$248,'Clean Data'!$G$2:$G$248,$A13) -> 7.4545455
A14: Pneumonia | B14: =COUNTIFS('Clean Data'!$G$2:$G$248,$A14,'Clean Data'!$Z$2:$Z$248,"Low") -> 1 | C14: =COUNTIFS('Clean Data'!$G$2:$G$248,$A14,'Clean Data'!$Z$2:$Z$248,"Medium") -> 1 | D14: =COUNTIFS('Clean Data'!$G$2:$G$248,$A14,'Clean Data'!$Z$2:$Z$248,"High") -> 6 | E14: =SUM(B14:D14) -> 8 | F14: =B14/$E14 -> 0.125 | G14: =C14/$E14 -> 0.125 | H14: =D14/$E14 -> 0.75 | I14: =AVERAGEIFS('Clean Data'!$N$2:$N$248,'Clean Data'!$G$2:$G$248,$A14) -> 4.75

Sheet Clean Data
A1: Patient_ID | B1: Patient_Name | C1: Age | D1: Age_Group | E1: Gender | F1: Gender_AR | G1: Diagnosis | H1: Diagnosis_AR | I1: Diagnosis_Group | J1: Doctor | K1: Doctor_AR | L1: Admission_Date | M1: Discharge_Date | N1: Length_of_Stay | O1: Stay_Band | P1: Long_Stay | Q1: LOS_Outlier | R1: Admission_Month | S1: Admission_Month_Name | T1: Admission_Quarter | U1: Admission_Weekday | V1: Is_Weekend | W1: Insurance | X1: Insurance_AR | Y1: Is_Uninsured | Z1: Severity | AA1: Severity_AR | AB1: High_Severity | AC1: Bill | AD1: Bill_Raw | AE1: Bill_Status | AF1: Bill_Per_Day | AG1: Date_Corrected | AH1: Review_Flag
A2: P0001 | B2: ندى حسن | C2: 42 | D2: Middle age (40-59) | E2: Female | F2: أنثى | G2: Kidney Failure | H2: فشل كلوي | I2: Chronic disease | J2: Dr. Reem Abdullah | K2: د. ريم عبد الله | L2: 45112 | M2: 45129 | N2: 17 | O2: 15+ days | P2: =TRUE() -> TRUE | Q2: =FALSE() -> FALSE | R2: 7 | S2: Jul | T2: Q3 | U2: Wednesday | V2: =FALSE() -> FALSE | W2: Uninsured | X2: بدون تأمين | Y2: =TRUE() -> TRUE | Z2: High | AA2: مرتفع | AB2: =TRUE() -> TRUE | AD2: 3852 | AE2: Placeholder 3852 | AG2: =FALSE() -> FALSE
A3: P0002 | B3: ياسمين محمود | C3: 33 | D3: Adult (18-39) | E3: Male | F3: ذكر | G3: Kidney Failure | H3: فشل كلوي | I3: Chronic disease | J3: Dr. Reem Abdullah | K3: د. ريم عبد الله | L3: 44990 | M3: 44993 | N3: 3 | O3: 1-3 days | P3: =FALSE() -> FALSE | Q3: =FALSE() -> FALSE | R3: 3 | S3: Mar | T3: Q1 | U3: Sunday | V3: =FALSE() -> FALSE | W3: Private | X3: تأمين خاص | Y3: =FALSE() -> FALSE | Z3: Medium | AA3: متوسط | AB3: =FALSE() -> FALSE | AD3: 3852 | AE3: Placeholder 3852 | AG3: =FALSE() -> FALSE
A4: P0003 | B4: يوسف عبد الله | C4: 42 | D4: Middle age (40-59) | E4: Female | F4: أنثى | G4: Influenza | H4: أنفلونزا | I4: Respiratory infection | J4: Dr. Sara Ibrahim | K4: د. سارة إبراهيم | L4: 45225 | M4: 45226 | N4: 1 | O4: 1-3 days | P4: =FALSE() -> FALSE | Q4: =FALSE() -> FALSE | R4: 10 | S4: Oct | T4: Q4 | U4: Thursday | V4: =FALSE() -> FALSE | W4: Uninsured | X4: بدون تأمين | Y4: =TRUE() -> TRUE | Z4: High | AA4: مرتفع | AB4: =TRUE() -> TRUE | AC4: 961 | AD4: 961 | AE4: Recorded | AF4: 961 | AG4: =FALSE() -> FALSE
A5: P0004 | B5: ياسمين عبد الله | C5: 84 | D5: Senior (60+) | E5: Male | F5: ذكر | G5: Influenza | H5: أنفلونزا | I5: Respiratory infection | J5: Dr. Ahmed Ali | K5: د. أحمد علي | L5: 45087 | M5: 45089 | N5: 2 | O5: 1-3 days | P5: =FALSE() -> FALSE | Q5: =FALSE() -> FALSE | R5: 6 | S5: Jun | T5: Q2 | U5: Saturday | V5: =TRUE() -> TRUE | W5: Private | X5: تأمين خاص | Y5: =FALSE() -> FALSE | Z5: High | AA5: مرتفع | AB5: =TRUE() -> TRUE | AC5: 1165 | AD5: 1165 | AE5: Recorded | AF5: 582.5 | AG5: =FALSE() -> FALSE
A6: P0005 | B6: مريم عبد الله | C6: 58 | D6: Middle age (40-59) | E6: Female | F6: أنثى | G6: Influenza | H6: أنفلونزا | I6: Respiratory infection | J6: Dr. Khaled Sami | K6: د. خالد سامي | L6: 45084 | M6: 45088 | N6: 4 | O6: 4-7 days | P6: =FALSE() -> FALSE | Q6: =FALSE() -> FALSE | R6: 6 | S6: Jun | T6: Q2 | U6: Wednesday | V6: =FALSE() -> FALSE | W6: Government | X6: تأمين حكومي | Y6: =FALSE() -> FALSE | Z6: High | AA6: مرتفع | AB6: =TRUE() -> TRUE | AD6: 3852 | AE6: Placeholder 3852 | AG6: =FALSE() -> FALSE
A7: P0006 | B7: يوسف محمود | C7: 17 | D7: Child (0-17) | E7: Female | F7: أنثى | G7: Influenza | H7: أنفلونزا | I7: Respiratory infection | J7: Dr. Reem Abdullah | K7: د. ريم عبد الله | L7: 44962 | M7: 44971 | N7: 9 | O7: 8-14 days | P7: =TRUE() -> TRUE | Q7: =FALSE() -> FALSE | R7: 2 | S7: Feb | T7: Q1 | U7: Sunday | V7: =FALSE() -> FALSE | W7: Government | X7: تأمين حكومي | Y7: =FALSE() -> FALSE | Z7: Medium | AA7: متوسط | AB7: =FALSE() -> FALSE | AD7: 3852 | AE7: Placeholder 3852 | AG7: =FALSE() -> FALSE
A8: P0007 | B8: علي يوسف | C8: 85 | D8: Senior (60+) | E8: Male | F8: ذكر | G8: Influenza | H8: أنفلونزا | I8: Respiratory infection | J8: Dr. Nour Khaled | K8: د. نور خالد | L8: 45285 | M8: 45287 | N8: 2 | O8: 1-3 days | P8: =FALSE() -> FALSE | Q8: =FALSE() -> FALSE | R8: 12 | S8: Dec | T8: Q4 | U8: Monday | V8: =FALSE() -> FALSE | W8: Private | X8: تأمين خاص | Y8: =FALSE() -> FALSE | Z8: Low | AA8: منخفض | AB8: =FALSE() -> FALSE | AD8: 999 | AE8: Placeholder 999 | AG8: =FALSE() -> FALSE
A9: P0008 | B9: إبراهيم يوسف | C9: 42 | D9: Middle age (40-59) | E9: Male | F9: ذكر | G9: Influenza | H9: أنفلونزا | I9: Respiratory infection | J9: Dr. Mohamed Hassan | K9: د. محمد حسن | L9: 45051 | M9: 45054 | N9: 3 | O9: 1-3 days | P9: =FALSE() -> FALSE | Q9: =FALSE() -> FALSE | R9: 5 | S9: May | T9: Q2 | U9: Friday | V9: =TRUE() -> TRUE | W9: Government | X9: تأمين حكومي | Y9: =FALSE() -> FALSE | Z9: High | AA9: مرتفع | AB9: =TRUE() -> TRUE | AD9: 999 | AE9: Placeholder 999 | AG9: =FALSE() -> FALSE
A10: P0009 | B10: علي حسن | C10: 18 | D10: Adult (18-39) | E10: Female | F10: أنثى | G10: Influenza | H10: أنفلونزا | I10: Respiratory infection | J10: Dr. Yasmin Mahmoud | K10: د. ياسمين محمود | L10: 45217 | M10: 45219 | N10: 2 | O10: 1-3 days | P10: =FALSE() -> FALSE | Q10: =FALSE() -> FALSE | R10: 10 | S10: Oct | T10: Q4 | U10: Wednesday | V10: =FALSE() -> FALSE | W10: Private | X10: تأمين خاص | Y10: =FALSE() -> FALSE | Z10: High | AA10: مرتفع | AB10: =TRUE() -> TRUE | AD10: 3852 | AE10: Placeholder 3852 | AG10: =FALSE() -> FALSE
A11: P0010 | B11: إبراهيم يوسف | C11: 40 | D11: Middle age (40-59) | E11: Female | F11: أنثى | G11: Influenza | H11: أنفلونزا | I11: Respiratory infection | J11: Dr. Sara Ibrahim | K11: د. سارة إبراهيم | L11: 45112 | M11: 45113 | N11: 1 | O11: 1-3 days | P11: =FALSE() -> FALSE | Q11: =FALSE() -> FALSE | R11: 7 | S11: Jul | T11: Q3 | U11: Wednesday | V11: =FALSE() -> FALSE | W11: Private | X11: تأمين خاص | Y11: =FALSE() -> FALSE | Z11: Low | AA11: منخفض | AB11: =FALSE() -> FALSE | AD11: 999 | AE11: Placeholder 999 | AG11: =FALSE() -> FALSE
A12: P0011 | B12: مريم السيد | C12: 78 | D12: Senior (60+) | E12: Male | F12: ذكر | G12: Influenza | H12: أنفلونزا | I12: Respiratory infection | J12: Dr. Ahmed Ali | K12: د. أحمد علي | L12: 45253 | M12: 45267 | N12: 14 | O12: 8-14 days | P12: =TRUE() -> TRUE | Q12: =FALSE() -> FALSE | R12: 11 | S12: Nov | T12: Q4 | U12: Thursday | V12: =FALSE() -> FALSE | W12: Government | X12: تأمين حكومي | Y12: =FALSE() -> FALSE | Z12: Medium | AA12: متوسط | AB12: =FALSE() -> FALSE | AD12: 999 | AE12: Placeholder 999 | AG12: =FALSE() -> FALSE
A13: P0012 | B13: محمود خالد | C13: 11 | D13: Child (0-17) | E13: Male | F13: ذكر | G13: Influenza | H13: أنفلونزا | I13: Respiratory infection | J13: Dr. Mohamed Hassan | K13: د. محمد حسن | L13: 44948 | M13: 44961 | N13: 13 | O13: 8-14 days | P13: =TRUE() -> TRUE | Q13: =FALSE() -> FALSE | R13: 1 | S13: Jan | T13: Q1 | U13: Sunday | V13: =FALSE() -> FALSE | W13: Uninsured | X13: بدون تأمين | Y13: =TRUE() -> TRUE | Z13: High | AA13: مرتفع | AB13: =TRUE() -> TRUE | AD13: 3852 | AE13: Placeholder 3852 | AG13: =FALSE() -> FALSE
A14: P0013 | B14: أحمد علي | C14: 50 | D14: Middle age (40-59) | E14: Female | F14: أنثى | G14: Influenza | H14: أنفلونزا | I14: Respiratory infection | J14: Dr. Reem Abdullah | K14: د. ريم عبد الله | L14: 45253 | M14: 45257 | N14: 4 | O14: 4-7 days | P14: =FALSE() -> FALSE | Q14: =FALSE() -> FALSE | R14: 11 | S14: Nov | T14: Q4 | U14: Thursday | V14: =FALSE() -> FALSE | W14: Private | X14: تأمين خاص | Y14: =FALSE() -> FALSE | Z14: Medium | AA14: متوسط | AB14: =FALSE() -> FALSE | AC14: 3898 | AD14: 3898 | AE14: Recorded | AF14: 974.5 | AG14: =FALSE() -> FALSE
A15: P0014 | B15: ياسمين السيد | C15: 87 | D15: Senior (60+) | E15: Male | F15: ذكر | G15: Influenza | H15: أنفلونزا | I15: Respiratory infection | J15: Dr. Nour Khaled | K15: د. نور خالد | L15: 45051 | M15: 45063 | N15: 12 | O15: 8-14 days | P15: =TRUE() -> TRUE | Q15: =FALSE() -> FALSE | R15: 5 | S15: May | T15: Q2 | U15: Friday | V15: =TRUE() -> TRUE | W15: Uninsured | X15: بدون تأمين | Y15: =TRUE() -> TRUE | Z15: Medium | AA15: متوسط | AB15: =FALSE() -> FALSE | AD15: 3852 | AE15: Placeholder 3852 | AG15: =FALSE() -> FALSE
A16: P0015 | B16: علي محمود | C16: 69 | D16: Senior (60+) | E16: Male | F16: ذكر | G16: Chronic Allergy | H16: حساسية مزمنة | I16: Chronic disease | J16: Dr. Khaled Sami | K16: د. خالد سامي | L16: 44979 | M16: 44982 | N16: 3 | O16: 1-3 days | P16: =FALSE() -> FALSE | Q16: =FALSE() -> FALSE | R16: 2 | S16: Feb | T16: Q1 | U16: Wednesday | V16: =FALSE() -> FALSE | W16: Private | X16: تأمين خاص | Y16: =FALSE() -> FALSE | Z16: Medium | AA16: متوسط | AB16: =FALSE() -> FALSE | AC16: 2390 | AD16: 2390 | AE16: Recorded | AF16: 796.67 | AG16: =FALSE() -> FALSE
A17: P0016 | B17: محمود محمود | C17: 80 | D17: Senior (60+) | E17: Male | F17: ذكر | G17: Chronic Allergy | H17: حساسية مزمنة | I17: Chronic disease | J17: Dr. Reem Abdullah | K17: د. ريم عبد الله | L17: 45105 | M17: 45114 | N17: 9 | O17: 8-14 days | P17: =TRUE() -> TRUE | Q17: =FALSE() -> FALSE | R17: 6 | S17: Jun | T17: Q2 | U17: Wednesday | V17: =FALSE() -> FALSE | W17: Private | X17: تأمين خاص | Y17: =FALSE() -> FALSE | Z17: High | AA17: مرتفع | AB17: =TRUE() -> TRUE | AD17: 999 | AE17: Placeholder 999 | AG17: =FALSE() -> FALSE
A18: P0017 | B18: مريم السيد | C18: 21 | D18: Adult (18-39) | E18: Female | F18: أنثى | G18: Influenza | H18: أنفلونزا | I18: Respiratory infection | J18: Dr. Ahmed Ali | K18: د. أحمد علي | L18: 45089 | M18: 45090 | N18: 1 | O18: 1-3 days | P18: =FALSE() -> FALSE | Q18: =FALSE() -> FALSE | R18: 6 | S18: Jun | T18: Q2 | U18: Monday | V18: =FALSE() -> FALSE | W18: Uninsured | X18: بدون تأمين | Y18: =TRUE() -> TRUE | Z18: Medium | AA18: متوسط | AB18: =FALSE() -> FALSE | AD18: 999 | AE18: Placeholder 999 | AG18: =FALSE() -> FALSE
A19: P0018 | B19: مريم يوسف | C19: 7 | D19: Child (0-17) | E19: Male | F19: ذكر | G19: Influenza | H19: أنفلونزا | I19: Respiratory infection | J19: Dr. Ahmed Ali | K19: د. أحمد علي | L19: 45069 | M19: 45072 | N19: 3 | O19: 1-3 days | P19: =FALSE() -> FALSE | Q19: =FALSE() -> FALSE | R19: 5 | S19: May | T19: Q2 | U19: Tuesday | V19: =FALSE() -> FALSE | W19: Private | X19: تأمين خاص | Y19: =FALSE() -> FALSE | Z19: Low | AA19: منخفض | AB19: =FALSE() -> FALSE | AC19: 973 | AD19: 973 | AE19: Recorded | AF19: 324.33 | AG19: =FALSE() -> FALSE
A20: P0019 | B20: علي السيد | C20: 45 | D20: Middle age (40-59) | E20: Male | F20: ذكر | G20: Influenza | H20: أنفلونزا | I20: Respiratory infection | J20: Dr. Mohamed Hassan | K20: د. محمد حسن | L20: 45235 | M20: 45252 | N20: 17 | O20: 15+ days | P20: =TRUE() -> TRUE | Q20: =FALSE() -> FALSE | R20: 11 | S20: Nov | T20: Q4 | U20: Sunday | V20: =FALSE() -> FALSE | W20: Private | X20: تأمين خاص | Y20: =FALSE() -> FALSE | Z20: Low | AA20: منخفض | AB20: =FALSE() -> FALSE | AD20: 999 | AE20: Placeholder 999 | AG20: =FALSE() -> FALSE | AH20: Long stay for minor condition
A21: P0020 | B21: علي خالد | C21: 21 | D21: Adult (18-39) | E21: Female | F21: أنثى | G21: Influenza | H21: أنفلونزا | I21: Respiratory infection | J21: Dr. Khaled Sami | K21: د. خالد سامي | L21: 45140 | M21: 45144 | N21: 4 | O21: 4-7 days | P21: =FALSE() -> FALSE | Q21: =FALSE() -> FALSE | R21: 8 | S21: Aug | T21: Q3 | U21: Wednesday | V21: =FALSE() -> FALSE | W21: Private | X21: تأمين خاص | Y21: =FALSE() -> FALSE | Z21: High | AA21: مرتفع | AB21: =TRUE() -> TRUE | AD21: 999 | AE21: Placeholder 999 | AG21: =FALSE() -> FALSE
A22: P0021 | B22: محمود يوسف | C22: 72 | D22: Senior (60+) | E22: Female | F22: أنثى | G22: Influenza | H22: أنفلونزا | I22: Respiratory infection | J22: Dr. Sara Ibrahim | K22: د. سارة إبراهيم | L22: 45088 | M22: 45092 | N22: 4 | O22: 4-7 days | P22: =FALSE() -> FALSE | Q22: =FALSE() -> FALSE | R22: 6 | S22: Jun | T22: Q2 | U22: Sunday | V22: =FALSE() -> FALSE | W22: Uninsured | X22: بدون تأمين | Y22: =TRUE() -> TRUE | Z22: Low | AA22: منخفض | AB22: =FALSE() -> FALSE | AC22: 1665 | AD22: 1665 | AE22: Recorded | AF22: 416.25 | AG22: =FALSE() -> FALSE
A23: P0022 | B23: يوسف السيد | C23: 82 | D23: Senior (60+) | E23: Female | F23: أنثى | G23: Influenza | H23: أنفلونزا | I23: Respiratory infection | J23: Dr. Yasmin Mahmoud | K23: د. ياسمين محمود | L23: 45055 | M23: 45069 | N23: 14 | O23: 8-14 days | P23: =TRUE() -> TRUE | Q23: =FALSE() -> FALSE | R23: 5 | S23: May | T23: Q2 | U23: Tuesday | V23: =FALSE() -> FALSE | W23: Private | X23: تأمين خاص | Y23: =FALSE() -> FALSE | Z23: Low | AA23: منخفض | AB23: =FALSE() -> FALSE | AD23: 3852 | AE23: Placeholder 3852 | AG23: =FALSE() -> FALSE
A24: P0023 | B24: محمد يوسف | C24: 67 | D24: Senior (60+) | E24: Female | F24: أنثى | G24: Influenza | H24: أنفلونزا | I24: Respiratory infection | J24: Dr. Reem Abdullah | K24: د. ريم عبد الله | L24: 45111 | M24: 45117 | N24: 6 | O24: 4-7 days | P24: =FALSE() -> FALSE | Q24: =FALSE() -> FALSE | R24: 7 | S24: Jul | T24: Q3 | U24: Tuesday | V24: =FALSE() -> FALSE | W24: Government | X24: تأمين حكومي | Y24: =FALSE() -> FALSE | Z24: Low | AA24: منخفض | AB24: =FALSE() -> FALSE | AD24: 3852 | AE24: Placeholder 3852 | AG24: =FALSE() -> FALSE
A25: P0024 | B25: محمود عبد الله | C25: 44 | D25: Middle age (40-59) | E25: Female | F25: أنثى | G25: Influenza | H25: أنفلونزا | I25: Respiratory infection | J25: Dr. Reem Abdullah | K25: د. ريم عبد الله | L25: 45244 | M25: 45245 | N25: 1 | O25: 1-3 days | P25: =FALSE() -> FALSE | Q25: =FALSE() -> FALSE | R25: 11 | S25: Nov | T25: Q4 | U25: Tuesday | V25: =FALSE() -> FALSE | W25: Private | X25: تأمين خاص | Y25: =FALSE() -> FALSE | Z25: Low | AA25: منخفض | AB25: =FALSE() -> FALSE | AD25: 3852 | AE25: Placeholder 3852 | AG25: =FALSE() -> FALSE
A26: P0025 | B26: ياسمين السيد | C26: 31 | D26: Adult (18-39) | E26: Female | F26: أنثى | G26: Influenza | H26: أنفلونزا | I26: Respiratory infection | J26: Dr. Ahmed Ali | K26: د. أحمد علي | L26: 45018 | M26: 45029 | N26: 11 | O26: 8-14 days | P26: =TRUE() -> TRUE | Q26: =FALSE() -> FALSE | R26: 4 | S26: Apr | T26: Q2 | U26: Sunday | V26: =FALSE() -> FALSE | W26: Government | X26: تأمين حكومي | Y26: =FALSE() -> FALSE | Z26: Medium | AA26: متوسط | AB26: =FALSE() -> FALSE | AD26: 3852 | AE26: Placeholder 3852 | AG26: =FALSE() -> FALSE
A27: P0026 | B27: سارة خالد | C27: 14 | D27: Child (0-17) | E27: Female | F27: أنثى | G27: Influenza | H27: أنفلونزا | I27: Respiratory infection | J27: Dr. Reem Abdullah | K27: د. ريم عبد الله | L27: 45050 | M27: 45054 | N27: 4 | O27: 4-7 days | P27: =FALSE() -> FALSE | Q27: =FALSE() -> FALSE | R27: 5 | S27: May | T27: Q2 | U27: Thursday | V27: =FALSE() -> FALSE | W27: Private | X27: تأمين خاص | Y27: =FALSE() -> FALSE | Z27: Medium | AA27: متوسط | AB27: =FALSE() -> FALSE | AC27: 2973 | AD27: 2973 | AE27: Recorded | AF27: 743.25 | AG27: =FALSE() -> FALSE
A28: P0027 | B28: ياسمين علي | C28: 12 | D28: Child (0-17) | E28: Male | F28: ذكر | G28: Influenza | H28: أنفلونزا | I28: Respiratory infection | J28: Dr. Nour Khaled | K28: د. نور خالد | L28: 44953 | M28: 44969 | N28: 16 | O28: 15+ days | P28: =TRUE() -> TRUE | Q28: =FALSE() -> FALSE | R28: 1 | S28: Jan | T28: Q1 | U28: Friday | V28: =TRUE() -> TRUE | W28: Private | X28: تأمين خاص | Y28: =FALSE() -> FALSE | Z28: Medium | AA28: متوسط | AB28: =FALSE() -> FALSE | AD28: 3852 | AE28: Placeholder 3852 | AG28: =FALSE() -> FALSE | AH28: Long stay for minor condition
A29: P0028 | B29: إبراهيم خالد | C29: 58 | D29: Middle age (40-59) | E29: Male | F29: ذكر | G29: Influenza | H29: أنفلونزا | I29: Respiratory infection | J29: Dr. Yasmin Mahmoud | K29: د. ياسمين محمود | L29: 45011 | M29: 45018 | N29: 7 | O29: 4-7 days | P29: =FALSE() -> FALSE | Q29: =FALSE() -> FALSE | R29: 3 | S29: Mar | T29: Q1 | U29: Sunday | V29: =FALSE() -> FALSE | W29: Uninsured | X29: بدون تأمين | Y29: =TRUE() -> TRUE | Z29: Medium | AA29: متوسط | AB29: =FALSE() -> FALSE | AD29: 999 | AE29: Placeholder 999 | AG29: =FALSE() -> FALSE
A30: P0029 | B30: ياسمين محمود | C30: 36 | D30: Adult (18-39) | E30: Female | F30: أنثى | G30: Influenza | H30: أنفلونزا | I30: Respiratory infection | J30: Dr. Yasmin Mahmoud | K30: د. ياسمين محمود | L30: 45208 | M30: 45222 | N30: 14 | O30: 8-14 days | P30: =TRUE() -> TRUE | Q30: =FALSE() -> FALSE | R30: 10 | S30: Oct | T30: Q4 | U30: Monday | V30: =FALSE() -> FALSE | W30: Private | X30: تأمين خاص | Y30: =FALSE() -> FALSE | Z30: Medium | AA30: متوسط | AB30: =FALSE() -> FALSE | AD30: 999 | AE30: Placeholder 999 | AG30: =FALSE() -> FALSE
A31: P0030 | B31: ندى إبراهيم | C31: 73 | D31: Senior (60+) | E31: Male | F31: ذكر | G31: Influenza | H31: أنفلونزا | I31: Respiratory infection | J31: Dr. Sara Ibrahim | K31: د. سارة إبراهيم | L31: 45209 | M31: 45211 | N31: 2 | O31: 1-3 days | P31: =FALSE() -> FALSE | Q31: =FALSE() -> FALSE | R31: 10 | S31: Oct | T31: Q4 | U31: Tuesday | V31: =FALSE() -> FALSE | W31: Private | X31: تأمين خاص | Y31: =FALSE() -> FALSE | Z31: Low | AA31: منخفض | AB31: =FALSE() -> FALSE | AD31: 3852 | AE31: Placeholder 3852 | AG31: =FALSE() -> FALSE
A32: P0031 | B32: ياسمين عبد الله | C32: 17 | D32: Child (0-17) | E32: Female | F32: أنثى | G32: Influenza | H32: أنفلونزا | I32: Respiratory infection | J32: Dr. Yasmin Mahmoud | K32: د. ياسمين محمود | L32: 45272 | M32: 45273 | N32: 1 | O32: 1-3 days | P32: =FALSE() -> FALSE | Q32: =FALSE() -> FALSE | R32: 12 | S32: Dec | T32: Q4 | U32: Tuesday | V32: =FALSE() -> FALSE | W32: Government | X32: تأمين حكومي | Y32: =FALSE() -> FALSE | Z32: Medium | AA32: متوسط | AB32: =FALSE() -> FALSE | AD32: 3852 | AE32: Placeholder 3852 | AG32: =FALSE() -> FALSE
A33: P0032 | B33: ياسمين محمود | C33: 5 | D33: Child (0-17) | E33: Female | F33: أنثى | G33: Influenza | H33: أنفلونزا | I33: Respiratory infection | J33: Dr. Khaled Sami | K33: د. خالد سامي | L33: 44992 | M33: 44997 | N33: 5 | O33: 4-7 days | P33: =FALSE() -> FALSE | Q33: =FALSE() -> FALSE | R33: 3 | S33: Mar | T33: Q1 | U33: Tuesday | V33: =FALSE() -> FALSE | W33: Government | X33: تأمين حكومي | Y33: =FALSE() -> FALSE | Z33: High | AA33: مرتفع | AB33: =TRUE() -> TRUE | AD33: 999 | AE33: Placeholder 999 | AG33: =TRUE() -> TRUE
A34: P0033 | B34: محمود إبراهيم | C34: 7 | D34: Child (0-17) | E34: Female | F34: أنثى | G34: Influenza | H34: أنفلونزا | I34: Respiratory infection | J34: Dr. Yasmin Mahmoud | K34: د. ياسمين محمود | L34: 45096 | M34: 45101 | N34: 5 | O34: 4-7 days | P34: =FALSE() -> FALSE | Q34: =FALSE() -> FALSE | R34: 6 | S34: Jun | T34: Q2 | U34: Monday | V34: =FALSE() -> FALSE | W34: Private | X34: تأمين خاص | Y34: =FALSE() -> FALSE | Z34: High | AA34: مرتفع | AB34: =TRUE() -> TRUE | AD34: 3852 | AE34: Placeholder 3852 | AG34: =FALSE() -> FALSE
A35: P0034 | B35: إبراهيم خالد | C35: 16 | D35: Child (0-17) | E35: Female | F35: أنثى | G35: Influenza | H35: أنفلونزا | I35: Respiratory infection | J35: Dr. Ahmed Ali | K35: د. أحمد علي | L35: 45000 | M35: 45008 | N35: 8 | O35: 8-14 days | P35: =TRUE() -> TRUE | Q35: =FALSE() -> FALSE | R35: 3 | S35: Mar | T35: Q1 | U35: Wednesday | V35: =FALSE() -> FALSE | W35: Government | X35: تأمين حكومي | Y35: =FALSE() -> FALSE | Z35: Low | AA35: منخفض | AB35: =FALSE() -> FALSE | AC35: 6551 | AD35: 6551 | AE35: Recorded | AF35: 818.88 | AG35: =FALSE() -> FALSE
A36: P0035 | B36: إبراهيم علي | C36: 34 | D36: Adult (18-39) | E36: Male | F36: ذكر | G36: Influenza | H36: أنفلونزا | I36: Respiratory infection | J36: Dr. Mohamed Hassan | K36: د. محمد حسن | L36: 45163 | M36: 45182 | N36: 19 | O36: 15+ days | P36: =TRUE() -> TRUE | Q36: =TRUE() -> TRUE | R36: 8 | S36: Aug | T36: Q3 | U36: Friday | V36: =TRUE() -> TRUE | W36: Private | X36: تأمين خاص | Y36: =FALSE() -> FALSE | Z36: Medium | AA36: متوسط | AB36: =FALSE() -> FALSE | AD36: 999 | AE36: Placeholder 999 | AG36: =FALSE() -> FALSE | AH36: Long stay for minor condition
A37: P0036 | B37: أحمد خالد | C37: 86 | D37: Senior (60+) | E37: Male | F37: ذكر | G37: Influenza | H37: أنفلونزا | I37: Respiratory infection | J37: Dr. Ahmed Ali | K37: د. أحمد علي | L37: 45246 | M37: 45249 | N37: 3 | O37: 1-3 days | P37: =FALSE() -> FALSE | Q37: =FALSE() -> FALSE | R37: 11 | S37: Nov | T37: Q4 | U37: Thursday | V37: =FALSE() -> FALSE | W37: Uninsured | X37: بدون تأمين | Y37: =TRUE() -> TRUE | Z37: High | AA37: مرتفع | AB37: =TRUE() -> TRUE | AD37: 999 | AE37: Placeholder 999 | AG37: =FALSE() -> FALSE
A38: P0037 | B38: ياسمين علي | C38: 70 | D38: Senior (60+) | E38: Female | F38: أنثى | G38: Influenza | H38: أنفلونزا | I38: Respiratory infection | J38: Dr. Mohamed Hassan | K38: د. محمد حسن | L38: 45281 | M38: 45282 | N38: 1 | O38: 1-3 days | P38: =FALSE() -> FALSE | Q38: =FALSE() -> FALSE | R38: 12 | S38: Dec | T38: Q4 | U38: Thursday | V38: =FALSE() -> FALSE | W38: Government | X38: تأمين حكومي | Y38: =FALSE() -> FALSE | Z38: Medium | AA38: متوسط | AB38: =FALSE() -> FALSE | AD38: 3852 | AE38: Placeholder 3852 | AG38: =TRUE() -> TRUE
A39: P0038 | B39: سارة محمود | C39: 90 | D39: Senior (60+) | E39: Female | F39: أنثى | G39: Influenza | H39: أنفلونزا | I39: Respiratory infection | J39: Dr. Khaled Sami | K39: د. خالد سامي | L39: 45071 | M39: 45076 | N39: 5 | O39: 4-7 days | P39: =FALSE() -> FALSE | Q39: =FALSE() -> FALSE | R39: 5 | S39: May | T39: Q2 | U39: Thursday | V39: =FALSE() -> FALSE | W39: Government | X39: تأمين حكومي | Y39: =FALSE() -> FALSE | Z39: High | AA39: مرتفع | AB39: =TRUE() -> TRUE | AD39: 3852 | AE39: Placeholder 3852 | AG39: =FALSE() -> FALSE
A40: P0039 | B40: مريم إبراهيم | C40: 19 | D40: Adult (18-39) | E40: Female | F40: أنثى | G40: Influenza | H40: أنفلونزا | I40: Respiratory infection | J40: Dr. Yasmin Mahmoud | K40: د. ياسمين محمود | L40: 45235 | M40: 45236 | N40: 1 | O40: 1-3 days | P40: =FALSE() -> FALSE | Q40: =FALSE() -> FALSE | R40: 11 | S40: Nov | T40: Q4 | U40: Sunday | V40: =FALSE() -> FALSE | W40: Uninsured | X40: بدون تأمين | Y40: =TRUE() -> TRUE | Z40: High | AA40: مرتفع | AB40: =TRUE() -> TRUE | AD40: 3852 | AE40: Placeholder 3852 | AG40: =TRUE() -> TRUE
A41: P0040 | B41: ندى علي | C41: 88 | D41: Senior (60+) | E41: Female | F41: أنثى | G41: Influenza | H41: أنفلونزا | I41: Respiratory infection | J41: Dr. Reem Abdullah | K41: د. ريم عبد الله | L41: 45073 | M41: 45091 | N41: 18 | O41: 15+ days | P41: =TRUE() -> TRUE | Q41: =TRUE() -> TRUE | R41: 5 | S41: May | T41: Q2 | U41: Saturday | V41: =TRUE() -> TRUE | W41: Government | X41: تأمين حكومي | Y41: =FALSE() -> FALSE | Z41: High | AA41: مرتفع | AB41: =TRUE() -> TRUE | AD41: 999 | AE41: Placeholder 999 | AG41: =FALSE() -> FALSE | AH41: Long stay for minor condition
A42: P0041 | B42: إبراهيم محمود | C42: 60 | D42: Senior (60+) | E42: Female | F42: أنثى | G42: Influenza | H42: أنفلونزا | I42: Respiratory infection | J42: Dr. Yasmin Mahmoud | K42: د. ياسمين محمود | L42: 44934 | M42: 44937 | N42: 3 | O42: 1-3 days | P42: =FALSE() -> FALSE | Q42: =FALSE() -> FALSE | R42: 1 | S42: Jan | T42: Q1 | U42: Sunday | V42: =FALSE() -> FALSE | W42: Uninsured | X42: بدون تأمين | Y42: =TRUE() -> TRUE | Z42: Medium | AA42: متوسط | AB42: =FALSE() -> FALSE | AD42: 999 | AE42: Placeholder 999 | AG42: =FALSE() -> FALSE
A43: P0042 | B43: سارة يوسف | C43: 15 | D43: Child (0-17) | E43: Female | F43: أنثى | G43: Influenza | H43: أنفلونزا | I43: Respiratory infection | J43: Dr. Yasmin Mahmoud | K43: د. ياسمين محمود | L43: 44959 | M43: 44963 | N43: 4 | O43: 4-7 days | P43: =FALSE() -> FALSE | Q43: =FALSE() -> FALSE | R43: 2 | S43: Feb | T43: Q1 | U43: Thursday | V43: =FALSE() -> FALSE | W43: Private | X43: تأمين خاص | Y43: =FALSE() -> FALSE | Z43: Medium | AA43: متوسط | AB43: =FALSE() -> FALSE | AD43: 999 | AE43: Placeholder 999 | AG43: =FALSE() -> FALSE
A44: P0043 | B44: أحمد السيد | C44: 22 | D44: Adult (18-39) | E44: Male | F44: ذكر | G44: Influenza | H44: أنفلونزا | I44: Respiratory infection | J44: Dr. Nour Khaled | K44: د. نور خالد | L44: 45171 | M44: 45175 | N44: 4 | O44: 4-7 days | P44: =FALSE() -> FALSE | Q44: =FALSE() -> FALSE | R44: 9 | S44: Sep | T44: Q3 | U44: Saturday | V44: =TRUE() -> TRUE | W44: Uninsured | X44: بدون تأمين | Y44: =TRUE() -> TRUE | Z44: Low | AA44: منخفض | AB44: =FALSE() -> FALSE | AC44: 2298 | AD44: 2298 | AE44: Recorded | AF44: 574.5 | AG44: =FALSE() -> FALSE
A45: P0044 | B45: سارة عبد الله | C45: 38 | D45: Adult (18-39) | E45: Male | F45: ذكر | G45: Influenza | H45: أنفلونزا | I45: Respiratory infection | J45: Dr. Sara Ibrahim | K45: د. سارة إبراهيم | L45: 44936 | M45: 44939 | N45: 3 | O45: 1-3 days | P45: =FALSE() -> FALSE | Q45: =FALSE() -> FALSE | R45: 1 | S45: Jan | T45: Q1 | U45: Tuesday | V45: =FALSE() -> FALSE | W45: Government | X45: تأمين حكومي | Y45: =FALSE() -> FALSE | Z45: Low | AA45: منخفض | AB45: =FALSE() -> FALSE | AD45: 999 | AE45: Placeholder 999 | AG45: =FALSE() -> FALSE
A46: P0045 | B46: يوسف علي | C46: 28 | D46: Adult (18-39) | E46: Female | F46: أنثى | G46: Common Cold | H46: نزلة برد | I46: Respiratory infection | J46: Dr. Ahmed Ali | K46: د. أحمد علي | L46: 44959 | M46: 44960 | N46: 1 | O46: 1-3 days | P46: =FALSE() -> FALSE | Q46: =FALSE() -> FALSE | R46: 2 | S46: Feb | T46: Q1 | U46: Thursday | V46: =FALSE() -> FALSE | W46: Private | X46: تأمين خاص | Y46: =FALSE() -> FALSE | Z46: Low | AA46: منخفض | AB46: =FALSE() -> FALSE | AC46: 2600 | AD46: 2600 | AE46: Recorded | AF46: 2600 | AG46: =FALSE() -> FALSE
A47: P0046 | B47: مريم عبد الله | C47: 3 | D47: Child (0-17) | E47: Female | F47: أنثى | G47: Common Cold | H47: نزلة برد | I47: Respiratory infection | J47: Dr. Mohamed Hassan | K47: د. محمد حسن | L47: 45091 | M47: 45093 | N47: 2 | O47: 1-3 days | P47: =FALSE() -> FALSE | Q47: =FALSE() -> FALSE | R47: 6 | S47: Jun | T47: Q2 | U47: Wednesday | V47: =FALSE() -> FALSE | W47: Government | X47: تأمين حكومي | Y47: =FALSE() -> FALSE | Z47: Medium | AA47: متوسط | AB47: =FALSE() -> FALSE | AC47: 1326 | AD47: 1326 | AE47: Recorded | AF47: 663 | AG47: =FALSE() -> FALSE
A48: P0047 | B48: ندى علي | C48: 45 | D48: Middle age (40-59) | E48: Male | F48: ذكر | G48: Common Cold | H48: نزلة برد | I48: Respiratory infection | J48: Dr. Yasmin Mahmoud | K48: د. ياسمين محمود | L48: 45088 | M48: 45095 | N48: 7 | O48: 4-7 days | P48: =FALSE() -> FALSE | Q48: =FALSE() -> FALSE | R48: 6 | S48: Jun | T48: Q2 | U48: Sunday | V48: =FALSE() -> FALSE | W48: Government | X48: تأمين حكومي | Y48: =FALSE() -> FALSE | Z48: Low | AA48: منخفض | AB48: =FALSE() -> FALSE | AC48: 5157 | AD48: 5157 | AE48: Recorded | AF48: 736.71 | AG48: =FALSE() -> FALSE
A49: P0048 | B49: أحمد محمود | C49: 41 | D49: Middle age (40-59) | E49: Female | F49: أنثى | G49: Common Cold | H49: نزلة برد | I49: Respiratory infection | J49: Dr. Nour Khaled | K49: د. نور خالد | L49: 45071 | M49: 45074 | N49: 3 | O49: 1-3 days | P49: =FALSE() -> FALSE | Q49: =FALSE() -> FALSE | R49: 5 | S49: May | T49: Q2 | U49: Thursday | V49: =FALSE() -> FALSE | W49: Government | X49: تأمين حكومي | Y49: =FALSE() -> FALSE | Z49: Low | AA49: منخفض | AB49: =FALSE() -> FALSE | AC49: 1416 | AD49: 1416 | AE49: Recorded | AF49: 472 | AG49: =FALSE() -> FALSE
A50: P0049 | B50: ياسمين حسن | C50: 87 | D50: Senior (60+) | E50: Male | F50: ذكر | G50: Common Cold | H50: نزلة برد | I50: Respiratory infection | J50: Dr. Khaled Sami | K50: د. خالد سامي | L50: 44972 | M50: 44990 | N50: 18 | O50: 15+ days | P50: =TRUE() -> TRUE | Q50: =TRUE() -> TRUE | R50: 2 | S50: Feb | T50: Q1 | U50: Wednesday | V50: =FALSE() -> FALSE | W50: Government | X50: تأمين حكومي | Y50: =FALSE() -> FALSE | Z50: Low | AA50: منخفض | AB50: =FALSE() -> FALSE | AD50: 999 | AE50: Placeholder 999 | AG50: =FALSE() -> FALSE | AH50: Long stay for minor condition
A51: P0050 | B51: ندى عبد الله | C51: 65 | D51: Senior (60+) | E51: Female | F51: أنثى | G51: Common Cold | H51: نزلة برد | I51: Respiratory infection | J51: Dr. Ahmed Ali | K51: د. أحمد علي | L51: 45127 | M51: 45130 | N51: 3 | O51: 1-3 days | P51: =FALSE() -> FALSE | Q51: =FALSE() -> FALSE | R51: 7 | S51: Jul | T51: Q3 | U51: Thursday | V51: =FALSE() -> FALSE | W51: Government | X51: تأمين حكومي | Y51: =FALSE() -> FALSE | Z51: Low | AA51: منخفض | AB51: =FALSE() -> FALSE | AD51: 999 | AE51: Placeholder 999 | AG51: =FALSE() -> FALSE
A52: P0051 | B52: محمد عبد الله | C52: 49 | D52: Middle age (40-59) | E52: Female | F52: أنثى | G52: Common Cold | H52: نزلة برد | I52: Respiratory infection | J52: Dr. Mohamed Hassan | K52: د. محمد حسن | L52: 45276 | M52: 45280 | N52: 4 | O52: 4-7 days | P52: =FALSE() -> FALSE | Q52: =FALSE() -> FALSE | R52: 12 | S52: Dec | T52: Q4 | U52: Saturday | V52: =TRUE() -> TRUE | W52: Private | X52: تأمين خاص | Y52: =FALSE() -> FALSE | Z52: High | AA52: مرتفع | AB52: =TRUE() -> TRUE | AD52: 3852 | AE52: Placeholder 3852 | AG52: =FALSE() -> FALSE
A53: P0052 | B53: يوسف عبد الله | C53: 1 | D53: Child (0-17) | E53: Female | F53: أنثى | G53: Common Cold | H53: نزلة برد | I53: Respiratory infection | J53: Dr. Ahmed Ali | K53: د. أحمد علي | L53: 45157 | M53: 45158 | N53: 1 | O53: 1-3 days | P53: =FALSE() -> FALSE | Q53: =FALSE() -> FALSE | R53: 8 | S53: Aug | T53: Q3 | U53: Saturday | V53: =TRUE() -> TRUE | W53: Uninsured | X53: بدون تأمين | Y53: =TRUE() -> TRUE | Z53: High | AA53: مرتفع | AB53: =TRUE() -> TRUE | AD53: 3852 | AE53: Placeholder 3852 | AG53: =TRUE() -> TRUE
A54: P0053 | B54: سارة إبراهيم | C54: 76 | D54: Senior (60+) | E54: Male | F54: ذكر | G54: Common Cold | H54: نزلة برد | I54: Respiratory infection | J54: Dr. Ahmed Ali | K54: د. أحمد علي | L54: 45139 | M54: 45142 | N54: 3 | O54: 1-3 days | P54: =FALSE() -> FALSE | Q54: =FALSE() -> FALSE | R54: 8 | S54: Aug | T54: Q3 | U54: Tuesday | V54: =FALSE() -> FALSE | W54: Uninsured | X54: بدون تأمين | Y54: =TRUE() -> TRUE | Z54: High | AA54: مرتفع | AB54: =TRUE() -> TRUE | AD54: 999 | AE54: Placeholder 999 | AG54: =FALSE() -> FALSE
A55: P0054 | B55: محمد خالد | C55: 81 | D55: Senior (60+) | E55: Male | F55: ذكر | G55: Common Cold | H55: نزلة برد | I55: Respiratory infection | J55: Dr. Mohamed Hassan | K55: د. محمد حسن | L55: 45011 | M55: 45025 | N55: 14 | O55: 8-14 days | P55: =TRUE() -> TRUE | Q55: =FALSE() -> FALSE | R55: 3 | S55: Mar | T55: Q1 | U55: Sunday | V55: =FALSE() -> FALSE | W55: Uninsured | X55: بدون تأمين | Y55: =TRUE() -> TRUE | Z55: Low | AA55: منخفض | AB55: =FALSE() -> FALSE | AD55: 999 | AE55: Placeholder 999 | AG55: =FALSE() -> FALSE
A56: P0055 | B56: سارة عبد الله | C56: 20 | D56: Adult (18-39) | E56: Female | F56: أنثى | G56: Common Cold | H56: نزلة برد | I56: Respiratory infection | J56: Dr. Sara Ibrahim | K56: د. سارة إبراهيم | L56: 45069 | M56: 45074 | N56: 5 | O56: 4-7 days | P56: =FALSE() -> FALSE | Q56: =FALSE() -> FALSE | R56: 5 | S56: May | T56: Q2 | U56: Tuesday | V56: =FALSE() -> FALSE | W56: Government | X56: تأمين حكومي | Y56: =FALSE() -> FALSE | Z56: Low | AA56: منخفض | AB56: =FALSE() -> FALSE | AD56: 3852 | AE56: Placeholder 3852 | AG56: =FALSE() -> FALSE
A57: P0056 | B57: علي يوسف | C57: 88 | D57: Senior (60+) | E57: Male | F57: ذكر | G57: Common Cold | H57: نزلة برد | I57: Respiratory infection | J57: Dr. Nour Khaled | K57: د. نور خالد | L57: 45127 | M57: 45142 | N57: 15 | O57: 15+ days | P57: =TRUE() -> TRUE | Q57: =FALSE() -> FALSE | R57: 7 | S57: Jul | T57: Q3 | U57: Thursday | V57: =FALSE() -> FALSE | W57: Private | X57: تأمين خاص | Y57: =FALSE() -> FALSE | Z57: Medium | AA57: متوسط | AB57: =FALSE() -> FALSE | AD57: 999 | AE57: Placeholder 999 | AG57: =FALSE() -> FALSE | AH57: Long stay for minor condition
A58: P0057 | B58: علي خالد | C58: 7 | D58: Child (0-17) | E58: Female | F58: أنثى | G58: Common Cold | H58: نزلة برد | I58: Respiratory infection | J58: Dr. Mohamed Hassan | K58: د. محمد حسن | L58: 45133 | M58: 45135 | N58: 2 | O58: 1-3 days | P58: =FALSE() -> FALSE | Q58: =FALSE() -> FALSE | R58: 7 | S58: Jul | T58: Q3 | U58: Wednesday | V58: =FALSE() -> FALSE | W58: Uninsured | X58: بدون تأمين | Y58: =TRUE() -> TRUE | Z58: Medium | AA58: متوسط | AB58: =FALSE() -> FALSE | AD58: 3852 | AE58: Placeholder 3852 | AG58: =TRUE() -> TRUE
A59: P0058 | B59: محمود حسن | C59: 7 | D59: Child (0-17) | E59: Female | F59: أنثى | G59: Common Cold | H59: نزلة برد | I59: Respiratory infection | J59: Dr. Sara Ibrahim | K59: د. سارة إبراهيم | L59: 44987 | M59: 44990 | N59: 3 | O59: 1-3 days | P59: =FALSE() -> FALSE | Q59: =FALSE() -> FALSE | R59: 3 | S59: Mar | T59: Q1 | U59: Thursday | V59: =FALSE() -> FALSE | W59: Private | X59: تأمين خاص | Y59: =FALSE() -> FALSE | Z59: High | AA59: مرتفع | AB59: =TRUE() -> TRUE | AC59: 4772 | AD59: 4772 | AE59: Recorded | AF59: 1590.67 | AG59: =FALSE() -> FALSE
A60: P0059 | B60: مريم علي | C60: 37 | D60: Adult (18-39) | E60: Female | F60: أنثى | G60: Common Cold | H60: نزلة برد | I60: Respiratory infection | J60: Dr. Nour Khaled | K60: د. نور خالد | L60: 45091 | M60: 45096 | N60: 5 | O60: 4-7 days | P60: =FALSE() -> FALSE | Q60: =FALSE() -> FALSE | R60: 6 | S60: Jun | T60: Q2 | U60: Wednesday | V60: =FALSE() -> FALSE | W60: Uninsured | X60: بدون تأمين | Y60: =TRUE() -> TRUE | Z60: High | AA60: مرتفع | AB60: =TRUE() -> TRUE | AD60: 999 | AE60: Placeholder 999 | AG60: =FALSE() -> FALSE
A61: P0060 | B61: ندى يوسف | C61: 34 | D61: Adult (18-39) | E61: Female | F61: أنثى | G61: Fractures | H61: كسور | I61: Trauma | J61: Dr. Sara Ibrahim | K61: د. سارة إبراهيم | L61: 45094 | M61: 45095 | N61: 1 | O61: 1-3 days | P61: =FALSE() -> FALSE | Q61: =FALSE() -> FALSE | R61: 6 | S61: Jun | T61: Q2 | U61: Saturday | V61: =TRUE() -> TRUE | W61: Private | X61: تأمين خاص | Y61: =FALSE() -> FALSE | Z61: Low | AA61: منخفض | AB61: =FALSE() -> FALSE | AC61: 503 | AD61: 503 | AE61: Recorded | AF61: 503 | AG61: =FALSE() -> FALSE
A62: P0061 | B62: محمود حسن | C62: 32 | D62: Adult (18-39) | E62: Male | F62: ذكر | G62: Fractures | H62: كسور | I62: Trauma | J62: Dr. Nour Khaled | K62: د. نور خالد | L62: 45038 | M62: 45041 | N62: 3 | O62: 1-3 days | P62: =FALSE() -> FALSE | Q62: =FALSE() -> FALSE | R62: 4 | S62: Apr | T62: Q2 | U62: Saturday | V62: =TRUE() -> TRUE | W62: Government | X62: تأمين حكومي | Y62: =FALSE() -> FALSE | Z62: High | AA62: مرتفع | AB62: =TRUE() -> TRUE | AD62: 3852 | AE62: Placeholder 3852 | AG62: =FALSE() -> FALSE
A63: P0062 | B63: علي علي | C63: 48 | D63: Middle age (40-59) | E63: Male | F63: ذكر | G63: Fractures | H63: كسور | I63: Trauma | J63: Dr. Nour Khaled | K63: د. نور خالد | L63: 45083 | M63: 45084 | N63: 1 | O63: 1-3 days | P63: =FALSE() -> FALSE | Q63: =FALSE() -> FALSE | R63: 6 | S63: Jun | T63: Q2 | U63: Tuesday | V63: =FALSE() -> FALSE | W63: Private | X63: تأمين خاص | Y63: =FALSE() -> FALSE | Z63: High | AA63: مرتفع | AB63: =TRUE() -> TRUE | AC63: 593 | AD63: 593 | AE63: Recorded | AF63: 593 | AG63: =FALSE() -> FALSE
A64: P0063 | B64: علي إبراهيم | C64: 76 | D64: Senior (60+) | E64: Female | F64: أنثى | G64: Fractures | H64: كسور | I64: Trauma | J64: Dr. Reem Abdullah | K64: د. ريم عبد الله | L64: 44972 | M64: 44984 | N64: 12 | O64: 8-14 days | P64: =TRUE() -> TRUE | Q64: =FALSE() -> FALSE | R64: 2 | S64: Feb | T64: Q1 | U64: Wednesday | V64: =FALSE() -> FALSE | W64: Government | X64: تأمين حكومي | Y64: =FALSE() -> FALSE | Z64: Medium | AA64: متوسط | AB64: =FALSE() -> FALSE | AC64: 6763 | AD64: 6763 | AE64: Recorded | AF64: 563.58 | AG64: =FALSE() -> FALSE
A65: P0064 | B65: ياسمين إبراهيم | C65: 2 | D65: Child (0-17) | E65: Male | F65: ذكر | G65: Fractures | H65: كسور | I65: Trauma | J65: Dr. Yasmin Mahmoud | K65: د. ياسمين محمود | L65: 45141 | M65: 45146 | N65: 5 | O65: 4-7 days | P65: =FALSE() -> FALSE | Q65: =FALSE() -> FALSE | R65: 8 | S65: Aug | T65: Q3 | U65: Thursday | V65: =FALSE() -> FALSE | W65: Uninsured | X65: بدون تأمين | Y65: =TRUE() -> TRUE | Z65: Low | AA65: منخفض | AB65: =FALSE() -> FALSE | AC65: 3630 | AD65: 3630 | AE65: Recorded | AF65: 726 | AG65: =FALSE() -> FALSE
A66: P0065 | B66: ياسمين حسن | C66: 65 | D66: Senior (60+) | E66: Female | F66: أنثى | G66: Fractures | H66: كسور | I66: Trauma | J66: Dr. Mohamed Hassan | K66: د. محمد حسن | L66: 44997 | M66: 44999 | N66: 2 | O66: 1-3 days | P66: =FALSE() -> FALSE | Q66: =FALSE() -> FALSE | R66: 3 | S66: Mar | T66: Q1 | U66: Sunday | V66: =FALSE() -> FALSE | W66: Private | X66: تأمين خاص | Y66: =FALSE() -> FALSE | Z66: High | AA66: مرتفع | AB66: =TRUE() -> TRUE | AD66: 999 | AE66: Placeholder 999 | AG66: =FALSE() -> FALSE
A67: P0066 | B67: إبراهيم عبد الله | C67: 85 | D67: Senior (60+) | E67: Female | F67: أنثى | G67: Fractures | H67: كسور | I67: Trauma | J67: Dr. Ahmed Ali | K67: د. أحمد علي | L67: 45063 | M67: 45068 | N67: 5 | O67: 4-7 days | P67: =FALSE() -> FALSE | Q67: =FALSE() -> FALSE | R67: 5 | S67: May | T67: Q2 | U67: Wednesday | V67: =FALSE() -> FALSE | W67: Uninsured | X67: بدون تأمين | Y67: =TRUE() -> TRUE | Z67: Medium | AA67: متوسط | AB67: =FALSE() -> FALSE | AC67: 5127 | AD67: 5127 | AE67: Recorded | AF67: 1025.4 | AG67: =FALSE() -> FALSE
A68: P0067 | B68: محمود حسن | C68: 63 | D68: Senior (60+) | E68: Male | F68: ذكر | G68: Fractures | H68: كسور | I68: Trauma | J68: Dr. Mohamed Hassan | K68: د. محمد حسن | L68: 45288 | M68: 45289 | N68: 1 | O68: 1-3 days | P68: =FALSE() -> FALSE | Q68: =FALSE() -> FALSE | R68: 12 | S68: Dec | T68: Q4 | U68: Thursday | V68: =FALSE() -> FALSE | W68: Government | X68: تأمين حكومي | Y68: =FALSE() -> FALSE | Z68: High | AA68: مرتفع | AB68: =TRUE() -> TRUE | AD68: 999 | AE68: Placeholder 999 | AG68: =FALSE() -> FALSE
A69: P0068 | B69: مريم حسن | C69: 55 | D69: Middle age (40-59) | E69: Male | F69: ذكر | G69: Fractures | H69: كسور | I69: Trauma | J69: Dr. Mohamed Hassan | K69: د. محمد حسن | L69: 45105 | M69: 45119 | N69: 14 | O69: 8-14 days | P69: =TRUE() -> TRUE | Q69: =FALSE() -> FALSE | R69: 6 | S69: Jun | T69: Q2 | U69: Wednesday | V69: =FALSE() -> FALSE | W69: Government | X69: تأمين حكومي | Y69: =FALSE() -> FALSE | Z69: High | AA69: مرتفع | AB69: =TRUE() -> TRUE | AD69: 999 | AE69: Placeholder 999 | AG69: =FALSE() -> FALSE
A70: P0069 | B70: سارة خالد | C70: 72 | D70: Senior (60+) | E70: Male | F70: ذكر | G70: Fractures | H70: كسور | I70: Trauma | J70: Dr. Khaled Sami | K70: د. خالد سامي | L70: 45267 | M70: 45270 | N70: 3 | O70: 1-3 days | P70: =FALSE() -> FALSE | Q70: =FALSE() -> FALSE | R70: 12 | S70: Dec | T70: Q4 | U70: Thursday | V70: =FALSE() -> FALSE | W70: Private | X70: تأمين خاص | Y70: =FALSE() -> FALSE | Z70: Low | AA70: منخفض | AB70: =FALSE() -> FALSE | AD70: 999 | AE70: Placeholder 999 | AG70: =FALSE() -> FALSE
A71: P0070 | B71: ندى عبد الله | C71: 52 | D71: Middle age (40-59) | E71: Male | F71: ذكر | G71: Fractures | H71: كسور | I71: Trauma | J71: Dr. Khaled Sami | K71: د. خالد سامي | L71: 45286 | M71: 45291 | N71: 5 | O71: 4-7 days | P71: =FALSE() -> FALSE | Q71: =FALSE() -> FALSE | R71: 12 | S71: Dec | T71: Q4 | U71: Tuesday | V71: =FALSE() -> FALSE | W71: Private | X71: تأمين خاص | Y71: =FALSE() -> FALSE | Z71: Low | AA71: منخفض | AB71: =FALSE() -> FALSE | AC71: 3842 | AD71: 3842 | AE71: Recorded | AF71: 768.4 | AG71: =FALSE() -> FALSE
A72: P0071 | B72: مريم خالد | C72: 45 | D72: Middle age (40-59) | E72: Female | F72: أنثى | G72: Fractures | H72: كسور | I72: Trauma | J72: Dr. Sara Ibrahim | K72: د. سارة إبراهيم | L72: 45120 | M72: 45123 | N72: 3 | O72: 1-3 days | P72: =FALSE() -> FALSE | Q72: =FALSE() -> FALSE | R72: 7 | S72: Jul | T72: Q3 | U72: Thursday | V72: =FALSE() -> FALSE | W72: Government | X72: تأمين حكومي | Y72: =FALSE() -> FALSE | Z72: Low | AA72: منخفض | AB72: =FALSE() -> FALSE | AD72: 3852 | AE72: Placeholder 3852 | AG72: =FALSE() -> FALSE
A73: P0072 | B73: علي حسن | C73: 57 | D73: Middle age (40-59) | E73: Male | F73: ذكر | G73: Fractures | H73: كسور | I73: Trauma | J73: Dr. Reem Abdullah | K73: د. ريم عبد الله | L73: 45203 | M73: 45209 | N73: 6 | O73: 4-7 days | P73: =FALSE() -> FALSE | Q73: =FALSE() -> FALSE | R73: 10 | S73: Oct | T73: Q4 | U73: Wednesday | V73: =FALSE() -> FALSE | W73: Government | X73: تأمين حكومي | Y73: =FALSE() -> FALSE | Z73: Low | AA73: منخفض | AB73: =FALSE() -> FALSE | AD73: 3852 | AE73: Placeholder 3852 | AG73: =FALSE() -> FALSE
A74: P0073 | B74: سارة محمود | C74: 60 | D74: Senior (60+) | E74: Female | F74: أنثى | G74: Fractures | H74: كسور | I74: Trauma | J74: Dr. Sara Ibrahim | K74: د. سارة إبراهيم | L74: 45273 | M74: 45280 | N74: 7 | O74: 4-7 days | P74: =FALSE() -> FALSE | Q74: =FALSE() -> FALSE | R74: 12 | S74: Dec | T74: Q4 | U74: Wednesday | V74: =FALSE() -> FALSE | W74: Uninsured | X74: بدون تأمين | Y74: =TRUE() -> TRUE | Z74: Low | AA74: منخفض | AB74: =FALSE() -> FALSE | AD74: 3852 | AE74: Placeholder 3852 | AG74: =FALSE() -> FALSE
A75: P0074 | B75: ياسمين إبراهيم | C75: 72 | D75: Senior (60+) | E75: Male | F75: ذكر | G75: Fractures | H75: كسور | I75: Trauma | J75: Dr. Ahmed Ali | K75: د. أحمد علي | L75: 45208 | M75: 45213 | N75: 5 | O75: 4-7 days | P75: =FALSE() -> FALSE | Q75: =FALSE() -> FALSE | R75: 10 | S75: Oct | T75: Q4 | U75: Monday | V75: =FALSE() -> FALSE | W75: Government | X75: تأمين حكومي | Y75: =FALSE() -> FALSE | Z75: Low | AA75: منخفض | AB75: =FALSE() -> FALSE | AD75: 3852 | AE75: Placeholder 3852 | AG75: =FALSE() -> FALSE
A76: P0075 | B76: ندى خالد | C76: 25 | D76: Adult (18-39) | E76: Female | F76: أنثى | G76: Fractures | H76: كسور | I76: Trauma | J76: Dr. Sara Ibrahim | K76: د. سارة إبراهيم | L76: 45234 | M76: 45237 | N76: 3 | O76: 1-3 days | P76: =FALSE() -> FALSE | Q76: =FALSE() -> FALSE | R76: 11 | S76: Nov | T76: Q4 | U76: Saturday | V76: =TRUE() -> TRUE | W76: Private | X76: تأمين خاص | Y76: =FALSE() -> FALSE | Z76: Medium | AA76: متوسط | AB76: =FALSE() -> FALSE | AD76: 3852 | AE76: Placeholder 3852 | AG76: =FALSE() -> FALSE
A77: P0076 | B77: أحمد إبراهيم | C77: 8 | D77: Child (0-17) | E77: Male | F77: ذكر | G77: Fractures | H77: كسور | I77: Trauma | J77: Dr. Sara Ibrahim | K77: د. سارة إبراهيم | L77: 45216 | M77: 45230 | N77: 14 | O77: 8-14 days | P77: =TRUE() -> TRUE | Q77: =FALSE() -> FALSE | R77: 10 | S77: Oct | T77: Q4 | U77: Tuesday | V77: =FALSE() -> FALSE | W77: Government | X77: تأمين حكومي | Y77: =FALSE() -> FALSE | Z77: Medium | AA77: متوسط | AB77: =FALSE() -> FALSE | AD77: 3852 | AE77: Placeholder 3852 | AG77: =FALSE() -> FALSE
A78: P0077 | B78: أحمد علي | C78: 32 | D78: Adult (18-39) | E78: Male | F78: ذكر | G78: Fractures | H78: كسور | I78: Trauma | J78: Dr. Yasmin Mahmoud | K78: د. ياسمين محمود | L78: 45056 | M78: 45060 | N78: 4 | O78: 4-7 days | P78: =FALSE() -> FALSE | Q78: =FALSE() -> FALSE | R78: 5 | S78: May | T78: Q2 | U78: Wednesday | V78: =FALSE() -> FALSE | W78: Uninsured | X78: بدون تأمين | Y78: =TRUE() -> TRUE | Z78: Medium | AA78: متوسط | AB78: =FALSE() -> FALSE | AD78: 3852 | AE78: Placeholder 3852 | AG78: =FALSE() -> FALSE
A79: P0078 | B79: ياسمين يوسف | C79: 31 | D79: Adult (18-39) | E79: Female | F79: أنثى | G79: Fractures | H79: كسور | I79: Trauma | J79: Dr. Ahmed Ali | K79: د. أحمد علي | L79: 45013 | M79: 45015 | N79: 2 | O79: 1-3 days | P79: =FALSE() -> FALSE | Q79: =FALSE() -> FALSE | R79: 3 | S79: Mar | T79: Q1 | U79: Tuesday | V79: =FALSE() -> FALSE | W79: Uninsured | X79: بدون تأمين | Y79: =TRUE() -> TRUE | Z79: Low | AA79: منخفض | AB79: =FALSE() -> FALSE | AD79: 999 | AE79: Placeholder 999 | AG79: =FALSE() -> FALSE
A80: P0079 | B80: محمد السيد | C80: 17 | D80: Child (0-17) | E80: Male | F80: ذكر | G80: Fractures | H80: كسور | I80: Trauma | J80: Dr. Ahmed Ali | K80: د. أحمد علي | L80: 44968 | M80: 44984 | N80: 16 | O80: 15+ days | P80: =TRUE() -> TRUE | Q80: =FALSE() -> FALSE | R80: 2 | S80: Feb | T80: Q1 | U80: Saturday | V80: =TRUE() -> TRUE | W80: Government | X80: تأمين حكومي | Y80: =FALSE() -> FALSE | Z80: Low | AA80: منخفض | AB80: =FALSE() -> FALSE | AD80: 3852 | AE80: Placeholder 3852 | AG80: =FALSE() -> FALSE
A81: P0080 | B81: إبراهيم عبد الله | C81: 42 | D81: Middle age (40-59) | E81: Male | F81: ذكر | G81: Fractures | H81: كسور | I81: Trauma | J81: Dr. Nour Khaled | K81: د. نور خالد | L81: 44976 | M81: 44977 | N81: 1 | O81: 1-3 days | P81: =FALSE() -> FALSE | Q81: =FALSE() -> FALSE | R81: 2 | S81: Feb | T81: Q1 | U81: Sunday | V81: =FALSE() -> FALSE | W81: Government | X81: تأمين حكومي | Y81: =FALSE() -> FALSE | Z81: Medium | AA81: متوسط | AB81: =FALSE() -> FALSE | AC81: 592 | AD81: 592 | AE81: Recorded | AF81: 592 | AG81: =FALSE() -> FALSE
A82: P0081 | B82: إبراهيم عبد الله | C82: 7 | D82: Child (0-17) | E82: Female | F82: أنثى | G82: Fractures | H82: كسور | I82: Trauma | J82: Dr. Ahmed Ali | K82: د. أحمد علي | L82: 45254 | M82: 45256 | N82: 2 | O82: 1-3 days | P82: =FALSE() -> FALSE | Q82: =FALSE() -> FALSE | R82: 11 | S82: Nov | T82: Q4 | U82: Friday | V82: =TRUE() -> TRUE | W82: Uninsured | X82: بدون تأمين | Y82: =TRUE() -> TRUE | Z82: Medium | AA82: متوسط | AB82: =FALSE() -> FALSE | AD82: 999 | AE82: Placeholder 999 | AG82: =FALSE() -> FALSE
A83: P0082 | B83: ياسمين عبد الله | C83: 88 | D83: Senior (60+) | E83: Male | F83: ذكر | G83: Fractures | H83: كسور | I83: Trauma | J83: Dr. Mohamed Hassan | K83: د. محمد حسن | L83: 44959 | M83: 44964 | N83: 5 | O83: 4-7 days | P83: =FALSE() -> FALSE | Q83: =FALSE() -> FALSE | R83: 2 | S83: Feb | T83: Q1 | U83: Thursday | V83: =FALSE() -> FALSE | W83: Government | X83: تأمين حكومي | Y83: =FALSE() -> FALSE | Z83: Low | AA83: منخفض | AB83: =FALSE() -> FALSE | AC83: 3857 | AD83: 3857 | AE83: Recorded | AF83: 771.4 | AG83: =FALSE() -> FALSE
A84: P0083 | B84: سارة محمود | C84: 29 | D84: Adult (18-39) | E84: Male | F84: ذكر | G84: Fractures | H84: كسور | I84: Trauma | J84: Dr. Mohamed Hassan | K84: د. محمد حسن | L84: 45041 | M84: 45059 | N84: 18 | O84: 15+ days | P84: =TRUE() -> TRUE | Q84: =TRUE() -> TRUE | R84: 4 | S84: Apr | T84: Q2 | U84: Tuesday | V84: =FALSE() -> FALSE | W84: Uninsured | X84: بدون تأمين | Y84: =TRUE() -> TRUE | Z84: Medium | AA84: متوسط | AB84: =FALSE() -> FALSE | AD84: 3852 | AE84: Placeholder 3852 | AG84: =FALSE() -> FALSE
A85: P0084 | B85: يوسف يوسف | C85: 10 | D85: Child (0-17) | E85: Male | F85: ذكر | G85: Fractures | H85: كسور | I85: Trauma | J85: Dr. Nour Khaled | K85: د. نور خالد | L85: 45201 | M85: 45205 | N85: 4 | O85: 4-7 days | P85: =FALSE() -> FALSE | Q85: =FALSE() -> FALSE | R85: 10 | S85: Oct | T85: Q4 | U85: Monday | V85: =FALSE() -> FALSE | W85: Uninsured | X85: بدون تأمين | Y85: =TRUE() -> TRUE | Z85: High | AA85: مرتفع | AB85: =TRUE() -> TRUE | AC85: 1427 | AD85: 1427 | AE85: Recorded | AF85: 356.75 | AG85: =TRUE() -> TRUE
A86: P0085 | B86: مريم السيد | C86: 24 | D86: Adult (18-39) | E86: Male | F86: ذكر | G86: Fractures | H86: كسور | I86: Trauma | J86: Dr. Mohamed Hassan | K86: د. محمد حسن | L86: 44974 | M86: 44976 | N86: 2 | O86: 1-3 days | P86: =FALSE() -> FALSE | Q86: =FALSE() -> FALSE | R86: 2 | S86: Feb | T86: Q1 | U86: Friday | V86: =TRUE() -> TRUE | W86: Private | X86: تأمين خاص | Y86: =FALSE() -> FALSE | Z86: High | AA86: مرتفع | AB86: =TRUE() -> TRUE | AC86: 1570 | AD86: 1570 | AE86: Recorded | AF86: 785 | AG86: =FALSE() -> FALSE
A87: P0086 | B87: يوسف عبد الله | C87: 33 | D87: Adult (18-39) | E87: Male | F87: ذكر | G87: Fractures | H87: كسور | I87: Trauma | J87: Dr. Reem Abdullah | K87: د. ريم عبد الله | L87: 44985 | M87: 44989 | N87: 4 | O87: 4-7 days | P87: =FALSE() -> FALSE | Q87: =FALSE() -> FALSE | R87: 2 | S87: Feb | T87: Q1 | U87: Tuesday | V87: =FALSE() -> FALSE | W87: Government | X87: تأمين حكومي | Y87: =FALSE() -> FALSE | Z87: High | AA87: مرتفع | AB87: =TRUE() -> TRUE | AD87: 999 | AE87: Placeholder 999 | AG87: =FALSE() -> FALSE
A88: P0087 | B88: إبراهيم علي | C88: 46 | D88: Middle age (40-59) | E88: Female | F88: أنثى | G88: Kidney Failure | H88: فشل كلوي | I88: Chronic disease | J88: Dr. Mohamed Hassan | K88: د. محمد حسن | L88: 45057 | M88: 45068 | N88: 11 | O88: 8-14 days | P88: =TRUE() -> TRUE | Q88: =FALSE() -> FALSE | R88: 5 | S88: May | T88: Q2 | U88: Thursday | V88: =FALSE() -> FALSE | W88: Private | X88: تأمين خاص | Y88: =FALSE() -> FALSE | Z88: Medium | AA88: متوسط | AB88: =FALSE() -> FALSE | AD88: 3852 | AE88: Placeholder 3852 | AG88: =FALSE() -> FALSE
A89: P0088 | B89: مريم إبراهيم | C89: 12 | D89: Child (0-17) | E89: Female | F89: أنثى | G89: Kidney Failure | H89: فشل كلوي | I89: Chronic disease | J89: Dr. Ahmed Ali | K89: د. أحمد علي | L89: 45218 | M89: 45219 | N89: 1 | O89: 1-3 days | P89: =FALSE() -> FALSE | Q89: =FALSE() -> FALSE | R89: 10 | S89: Oct | T89: Q4 | U89: Thursday | V89: =FALSE() -> FALSE | W89: Private | X89: تأمين خاص | Y89: =FALSE() -> FALSE | Z89: Low | AA89: منخفض | AB89: =FALSE() -> FALSE | AD89: 3852 | AE89: Placeholder 3852 | AG89: =TRUE() -> TRUE
A90: P0089 | B90: محمد السيد | C90: 44 | D90: Middle age (40-59) | E90: Female | F90: أنثى | G90: Chronic Allergy | H90: حساسية مزمنة | I90: Chronic disease | J90: Dr. Yasmin Mahmoud | K90: د. ياسمين محمود | L90: 45248 | M90: 45252 | N90: 4 | O90: 4-7 days | P90: =FALSE() -> FALSE | Q90: =FALSE() -> FALSE | R90: 11 | S90: Nov | T90: Q4 | U90: Saturday | V90: =TRUE() -> TRUE | W90: Private | X90: تأمين خاص | Y90: =FALSE() -> FALSE | Z90: Medium | AA90: متوسط | AB90: =FALSE() -> FALSE | AD90: 3852 | AE90: Placeholder 3852 | AG90: =FALSE() -> FALSE
A91: P0090 | B91: سارة إبراهيم | C91: 71 | D91: Senior (60+) | E91: Male | F91: ذكر | G91: Chronic Allergy | H91: حساسية مزمنة | I91: Chronic disease | J91: Dr. Yasmin Mahmoud | K91: د. ياسمين محمود | L91: 45111 | M91: 45115 | N91: 4 | O91: 4-7 days | P91: =FALSE() -> FALSE | Q91: =FALSE() -> FALSE | R91: 7 | S91: Jul | T91: Q3 | U91: Tuesday | V91: =FALSE() -> FALSE | W91: Private | X91: تأمين خاص | Y91: =FALSE() -> FALSE | Z91: High | AA91: مرتفع | AB91: =TRUE() -> TRUE | AD91: 3852 | AE91: Placeholder 3852 | AG91: =FALSE() -> FALSE
A92: P0091 | B92: أحمد يوسف | C92: 84 | D92: Senior (60+) | E92: Male | F92: ذكر | G92: Chronic Allergy | H92: حساسية مزمنة | I92: Chronic disease | J92: Dr. Mohamed Hassan | K92: د. محمد حسن | L92: 45146 | M92: 45161 | N92: 15 | O92: 15+ days | P92: =TRUE() -> TRUE | Q92: =FALSE() -> FALSE | R92: 8 | S92: Aug | T92: Q3 | U92: Tuesday | V92: =FALSE() -> FALSE | W92: Uninsured | X92: بدون تأمين | Y92: =TRUE() -> TRUE | Z92: Medium | AA92: متوسط | AB92: =FALSE() -> FALSE | AD92: 999 | AE92: Placeholder 999 | AG92: =FALSE() -> FALSE | AH92: Long stay for minor condition
A93: P0092 | B93: أحمد علي | C93: 37 | D93: Adult (18-39) | E93: Female | F93: أنثى | G93: Chronic Allergy | H93: حساسية مزمنة | I93: Chronic disease | J93: Dr. Reem Abdullah | K93: د. ريم عبد الله | L93: 45275 | M93: 45289 | N93: 14 | O93: 8-14 days | P93: =TRUE() -> TRUE | Q93: =FALSE() -> FALSE | R93: 12 | S93: Dec | T93: Q4 | U93: Friday | V93: =TRUE() -> TRUE | W93: Government | X93: تأمين حكومي | Y93: =FALSE() -> FALSE | Z93: High | AA93: مرتفع | AB93: =TRUE() -> TRUE | AD93: 3852 | AE93: Placeholder 3852 | AG93: =FALSE() -> FALSE
A94: P0093 | B94: محمد يوسف | C94: 40 | D94: Middle age (40-59) | E94: Female | F94: أنثى | G94: Chronic Allergy | H94: حساسية مزمنة | I94: Chronic disease | J94: Dr. Reem Abdullah | K94: د. ريم عبد الله | L94: 45005 | M94: 45007 | N94: 2 | O94: 1-3 days | P94: =FALSE() -> FALSE | Q94: =FALSE() -> FALSE | R94: 3 | S94: Mar | T94: Q1 | U94: Monday | V94: =FALSE() -> FALSE | W94: Uninsured | X94: بدون تأمين | Y94: =TRUE() -> TRUE | Z94: High | AA94: مرتفع | AB94: =TRUE() -> TRUE | AD94: 999 | AE94: Placeholder 999 | AG94: =TRUE() -> TRUE
A95: P0094 | B95: علي حسن | C95: 56 | D95: Middle age (40-59) | E95: Male | F95: ذكر | G95: Chronic Allergy | H95: حساسية مزمنة | I95: Chronic disease | J95: Dr. Ahmed Ali | K95: د. أحمد علي | L95: 45019 | M95: 45033 | N95: 14 | O95: 8-14 days | P95: =TRUE() -> TRUE | Q95: =FALSE() -> FALSE | R95: 4 | S95: Apr | T95: Q2 | U95: Monday | V95: =FALSE() -> FALSE | W95: Government | X95: تأمين حكومي | Y95: =FALSE() -> FALSE | Z95: High | AA95: مرتفع | AB95: =TRUE() -> TRUE | AD95: 999 | AE95: Placeholder 999 | AG95: =FALSE() -> FALSE
A96: P0095 | B96: إبراهيم محمود | C96: 81 | D96: Senior (60+) | E96: Male | F96: ذكر | G96: Hypertension | H96: ضغط مرتفع | I96: Chronic disease | J96: Dr. Khaled Sami | K96: د. خالد سامي | L96: 45073 | M96: 45077 | N96: 4 | O96: 4-7 days | P96: =FALSE() -> FALSE | Q96: =FALSE() -> FALSE | R96: 5 | S96: May | T96: Q2 | U96: Saturday | V96: =TRUE() -> TRUE | W96: Private | X96: تأمين خاص | Y96: =FALSE() -> FALSE | Z96: Medium | AA96: متوسط | AB96: =FALSE() -> FALSE | AC96: 5422 | AD96: 5422 | AE96: Recorded | AF96: 1355.5 | AG96: =FALSE() -> FALSE
A97: P0096 | B97: ندى علي | C97: 23 | D97: Adult (18-39) | E97: Male | F97: ذكر | G97: Hypertension | H97: ضغط مرتفع | I97: Chronic disease | J97: Dr. Yasmin Mahmoud | K97: د. ياسمين محمود | L97: 45061 | M97: 45063 | N97: 2 | O97: 1-3 days | P97: =FALSE() -> FALSE | Q97: =FALSE() -> FALSE | R97: 5 | S97: May | T97: Q2 | U97: Monday | V97: =FALSE() -> FALSE | W97: Private | X97: تأمين خاص | Y97: =FALSE() -> FALSE | Z97: Low | AA97: منخفض | AB97: =FALSE() -> FALSE | AD97: 999 | AE97: Placeholder 999 | AG97: =TRUE() -> TRUE
A98: P0097 | B98: محمود محمود | C98: 78 | D98: Senior (60+) | E98: Male | F98: ذكر | G98: Hypertension | H98: ضغط مرتفع | I98: Chronic disease | J98: Dr. Sara Ibrahim | K98: د. سارة إبراهيم | L98: 45258 | M98: 45272 | N98: 14 | O98: 8-14 days | P98: =TRUE() -> TRUE | Q98: =FALSE() -> FALSE | R98: 11 | S98: Nov | T98: Q4 | U98: Tuesday | V98: =FALSE() -> FALSE | W98: Government | X98: تأمين حكومي | Y98: =FALSE() -> FALSE | Z98: Medium | AA98: متوسط | AB98: =FALSE() -> FALSE | AD98: 999 | AE98: Placeholder 999 | AG98: =FALSE() -> FALSE
A99: P0098 | B99: محمود عبد الله | C99: 65 | D99: Senior (60+) | E99: Male | F99: ذكر | G99: Hypertension | H99: ضغط مرتفع | I99: Chronic disease | J99: Dr. Mohamed Hassan | K99: د. محمد حسن | L99: 44943 | M99: 44945 | N99: 2 | O99: 1-3 days | P99: =FALSE() -> FALSE | Q99: =FALSE() -> FALSE | R99: 1 | S99: Jan | T99: Q1 | U99: Tuesday | V99: =FALSE() -> FALSE | W99: Uninsured | X99: بدون تأمين | Y99: =TRUE() -> TRUE | Z99: Low | AA99: منخفض | AB99: =FALSE() -> FALSE | AD99: 999 | AE99: Placeholder 999 | AG99: =FALSE() -> FALSE
A100: P0099 | B100: محمود محمود | C100: 9 | D100: Child (0-17) | E100: Female | F100: أنثى | G100: Pneumonia | H100: التهاب رئوي | I100: Respiratory infection | J100: Dr. Reem Abdullah | K100: د. ريم عبد الله | L100: 45119 | M100: 45124 | N100: 5 | O100: 4-7 days | P100: =FALSE() -> FALSE | Q100: =FALSE() -> FALSE | R100: 7 | S100: Jul | T100: Q3 | U100: Wednesday | V100: =FALSE() -> FALSE | W100: Private | X100: تأمين خاص | Y100: =FALSE() -> FALSE | Z100: High | AA100: مرتفع | AB100: =TRUE() -> TRUE | AD100: 3852 | AE100: Placeholder 3852 | AG100: =FALSE() -> FALSE
...

Sheet Daily Census
A1: Daily census
A2: Patients occupying a bed each night: admitted on/before the date and discharged after it.
A4: Date | B4: Patients in bed | C4: Admissions that day | D4: Discharges that day
A5: 44926 | B5: =COUNTIFS('Clean Data'!$L$2:$L$248,"<="&A5,'Clean Data'!$M$2:$M$248,">"&A5) -> 1 | C5: =COUNTIFS('Clean Data'!$L$2:$L$248,A5) -> 1 | D5: =COUNTIFS('Clean Data'!$M$2:$M$248,A5) -> 0
A6: 44927 | B6: =COUNTIFS('Clean Data'!$L$2:$L$248,"<="&A6,'Clean Data'!$M$2:$M$248,">"&A6) -> 2 | C6: =COUNTIFS('Clean Data'!$L$2:$L$248,A6) -> 1 | D6: =COUNTIFS('Clean Data'!$M$2:$M$248,A6) -> 0
A7: 44928 | B7: =COUNTIFS('Clean Data'!$L$2:$L$248,"<="&A7,'Clean Data'!$M$2:$M$248,">"&A7) -> 2 | C7: =COUNTIFS('Clean Data'!$L$2:$L$248,A7) -> 0 | D7: =COUNTIFS('Clean Data'!$M$2:$M$248,A7) -> 0
A8: 44929 | B8: =COUNTIFS('Clean Data'!$L$2:$L$248,"<="&A8,'Clean Data'!$M$2:$M$248,">"&A8) -> 1 | C8: =COUNTIFS('Clean Data'!$L$2:$L$248,A8) -> 0 | D8: =COUNTIFS('Clean Data'!$M$2:$M$248,A8) -> 1
A9: 44930 | B9: =COUNTIFS('Clean Data'!$L$2:$L$248,"<="&A9,'Clean Data'!$M$2:$M$248,">"&A9) -> 1 | C9: =COUNTIFS('Clean Data'!$L$2:$L$248,A9) -> 0 | D9: =COUNTIFS('Clean Data'!$M$2:$M$248,A9) -> 0
A10: 44931 | B10: =COUNTIFS('Clean Data'!$L$2:$L$248,"<="&A10,'Clean Data'!$M$2:$M$248,">"&A10) -> 3 | C10: =COUNTIFS('Clean Data'!$L$2:$L$248,A10) -> 3 | D10: =COUNTIFS('Clean Data'!$M$2:$M$248,A10) -> 1
A11: 44932 | B11: =COUNTIFS('Clean Data'!$L$2:$L$248,"<="&A11,'Clean Data'!$M$2:$M$248,">"&A11) -> 5 | C11: =COUNTIFS('Clean Data'!$L$2:$L$248,A11) -> 2 | D11: =COUNTIFS('Clean Data'!$M$2:$M$248,A11) -> 0
A12: 44933 | B12: =COUNTIFS('Clean Data'!$L$2:$L$248,"<="&A12,'Clean Data'!$M$2:$M$248,">"&A12) -> 4 | C12: =COUNTIFS('Clean Data'!$L$2:$L$248,A12) -> 0 | D12: =COUNTIFS('Clean Data'!$M$2:$M$248,A12) -> 1
A13: 44934 | B13: =COUNTIFS('Clean Data'!$L$2:$L$248,"<="&A13,'Clean Data'!$M$2:$M$248,">"&A13) -> 6 | C13: =COUNTIFS('Clean Data'!$L$2:$L$248,A13) -> 2 | D13: =COUNTIFS('Clean Data'!$M$2:$M$248,A13) -> 0
A14: 44935 | B14: =COUNTIFS('Clean Data'!$L$2:$L$248,"<="&A14,'Clean Data'!$M$2:$M$248,">"&A14) -> 6 | C14: =COUNTIFS('Clean Data'!$L$2:$L$248,A14) -> 0 | D14: =COUNTIFS('Clean Data'!$M$2:$M$248,A14) -> 0
A15: 44936 | B15: =COUNTIFS('Clean Data'!$L$2:$L$248,"<="&A15,'Clean Data'!$M$2:$M$248,">"&A15) -> 5 | C15: =COUNTIFS('Clean Data'!$L$2:$L$248,A15) -> 2 | D15: =COUNTIFS('Clean Data'!$M$2:$M$248,A15) -> 3
A16: 44937 | B16: =COUNTIFS('Clean Data'!$L$2:$L$248,"<="&A16,'Clean Data'!$M$2:$M$248,">"&A16) -> 3 | C16: =COUNTIFS('Clean Data'!$L$2:$L$248,A16) -> 0 | D16: =COUNTIFS('Clean Data'!$M$2:$M$248,A16) -> 2
... A383: 45304 | B383: =COUNTIFS('Clean Data'!$L$2:$L$248,"<="&A383,'Clean Data'!$M$2:$M$248,">"&A383) -> 1 | C383: =COUNTIFS('Clean Data'!$L$2:$L$248,A383) -> 0 | D383: =COUNTIFS('Clean Data'!$M$2:$M$248,A383) -> 0

Sheet Cleaning Log
A1: Cleaning log
A2: 248 raw rows -> 247 clean rows. Produced by clean_and_validate.py.
A4: # | B4: Check | C4: Rows affected | D4: Action taken | E4: Evidence / detail
A5: 1 | B5: Missing values (all columns) | C5: 0 | D5: none found - no imputation needed | E5: blank cells checked after type coercion; the real 'missing' data is hidden as placeholder bills (step 4)
A6: 2 | B6: Exact duplicate rows | C6: 1 | D6: removed (kept first occurrence) | E6: row 23: محمود يوسف, 2023-06-11
A7: 3 | B7: Discharge date before admission date | C7: 29 | D7: dates swapped + Date_Corrected flag | E7: gaps of 1-5 days, the same size as normal stays -> a data-entry order error, not a real value
A8: 4 | B8: Same-day admission/discharge | C8: 0 | D8: none found
A9: 5 | B9: Placeholder bill values (999, 3852) | C9: 195 | D9: set to missing + Bill_Status flag (not imputed) | E9: 999 x100 and 3852 x95 repeat across every diagnosis, severity and stay length; the other 52 bills are all distinct and rise with stay length (r = 0.64). Imputing 79% of bills from 21% would invent the financial picture, so finance KPIs use recorded bills only.
A10: 6 | B10: Category spelling variants | C10: 0 | D10: none found; Arabic labels mapped to English (Arabic kept in *_AR columns) | E10: Gender 2, Diagnosis 10, Doctor 7, Insurance 3, Severity 3 distinct values
A11: 7 | B11: Age outside 0-110 | C11: 0 | D11: none found | E11: range 1-90
A12: 8 | B12: Zero/negative recorded bills | C12: 0 | D12: none found
A13: 9 | B13: Admissions outside 2023 | C13: 1 | D13: kept - a New-Year stay (31 Dec 2022 -> 3 Jan 2023) produced by the date swap | E13: admissions 2022-12-31 to 2023-12-28; the 12-month charts count it under December (1 of 247 rows)
A14: 10 | B14: Length of stay above IQR fence (> 17 days) | C14: 18 | D14: kept + LOS_Outlier flag | E14: long stays are possible and drive bed capacity; removing them would understate workload
A15: 11 | B15: Stay > 14 days for a minor condition (cold, flu, migraine, allergy) | C15: 17 | D15: kept + flagged in Review_Flag | E15: clinically unusual - worth a chart review / coding audit
A16: 12 | B16: Atypical age for diagnosis (stroke < 18, hypertension < 12) | C16: 7 | D16: kept + flagged in Review_Flag | E16: rare but possible in children - cannot be proved wrong from this file
A17: 13 | B17: Gender disagrees with first name | C17: 131 | D17: reported, not changed | E17: 53% of rows - near a coin toss, so the recorded gender cannot be trusted but also cannot be corrected reliably (which of name or gender is wrong is unknown). Gender charts carry this caveat.
A18: 14 | B18: Repeated patient names with different ages | C18: 64 | D18: Patient_ID created per admission; names treated as non-unique | E18: 75 names across 247 admissions; same name appears with different ages/genders -> different people, so readmission rate cannot be measured

Sheet Data Dictionary
A1: Data dictionary
A2: Column meaning, type and origin for the Clean Data sheet.
A4: Column | B4: Description | C4: Type | D4: Origin
A5: Patient_ID | B5: Unique admission key (P0001...) - names repeat across different people | C5: Text | D5: Calculated
A6: Patient_Name | B6: Patient name (Arabic, as recorded) - NOT unique | C6: Text | D6: Raw
A7: Age | B7: Age in years (1-90) | C7: Number | D7: Raw
A8: Age_Group | B8: Child 0-17 / Adult 18-39 / Middle age 40-59 / Senior 60+ | C8: Text | D8: Calculated
A9: Gender | B9: Male / Female (recorded; disagrees with first name in 53% of rows) | C9: Text | D9: Raw, translated
A10: Gender_AR | B10: Original Arabic gender label | C10: Text | D10: Raw
A11: Diagnosis | B11: Diagnosis in English | C11: Text | D11: Raw, translated
A12: Diagnosis_AR | B12: Original Arabic diagnosis | C12: Text | D12: Raw
A13: Diagnosis_Group | B13: Respiratory infection / Chronic disease / Trauma / Neurological | C13: Text | D13: Calculated
A14: Doctor | B14: Treating doctor (transliterated) | C14: Text | D14: Raw, translated
A15: Doctor_AR | B15: Original Arabic doctor name | C15: Text | D15: Raw
... A38: Review_Flag | B38: 'Long stay for minor condition' or 'Atypical age for diagnosis' | C38: Text | D38: Calculated

Sheet Raw Data
A1: اسم المريض | B1: العمر | C1: الجنس | D1: التشخيص | E1: الطبيب المعالج | F1: تاريخ الدخول | G1: تاريخ الخروج | H1: الفاتورة | I1: التأمين | J1: مستوى الخطورة
A2: ندى حسن | B2: 42 | C2: أنثى | D2: فشل كلوي | E2: د. ريم عبد الله | F2: 45112 | G2: 45129 | H2: 3852 | I2: بدون تأمين | J2: مرتفع
A3: ياسمين محمود | B3: 33 | C3: ذكر | D3: فشل كلوي | E3: د. ريم عبد الله | F3: 44990 | G3: 44993 | H3: 3852 | I3: تأمين خاص | J3: متوسط
A4: يوسف عبد الله | B4: 42 | C4: أنثى | D4: أنفلونزا | E4: د. سارة إبراهيم | F4: 45225 | G4: 45226 | H4: 961 | I4: بدون تأمين | J4: مرتفع
A5: ياسمين عبد الله | B5: 84 | C5: ذكر | D5: أنفلونزا | E5: د. أحمد علي | F5: 45087 | G5: 45089 | H5: 1165 | I5: تأمين خاص | J5: مرتفع
A6: مريم عبد الله | B6: 58 | C6: أنثى | D6: أنفلونزا | E6: د. خالد سامي | F6: 45084 | G6: 45088 | H6: 3852 | I6: تأمين حكومي | J6: مرتفع
A7: يوسف محمود | B7: 17 | C7: أنثى | D7: أنفلونزا | E7: د. ريم عبد الله | F7: 44962 | G7: 44971 | H7: 3852 | I7: تأمين حكومي | J7: متوسط
A8: علي يوسف | B8: 85 | C8: ذكر | D8: أنفلونزا | E8: د. نور خالد | F8: 45285 | G8: 45287 | H8: 999 | I8: تأمين خاص | J8: منخفض
A9: إبراهيم يوسف | B9: 42 | C9: ذكر | D9: أنفلونزا | E9: د. محمد حسن | F9: 45051 | G9: 45054 | H9: 999 | I9: تأمين حكومي | J9: مرتفع
A10: علي حسن | B10: 18 | C10: أنثى | D10: أنفلونزا | E10: د. ياسمين محمود | F10: 45217 | G10: 45219 | H10: 3852 | I10: تأمين خاص | J10: مرتفع
A11: إبراهيم يوسف | B11: 40 | C11: أنثى | D11: أنفلونزا | E11: د. سارة إبراهيم | F11: 45112 | G11: 45113 | H11: 999 | I11: تأمين خاص | J11: منخفض
A12: مريم السيد | B12: 78 | C12: ذكر | D12: أنفلونزا | E12: د. أحمد علي | F12: 45253 | G12: 45267 | H12: 999 | I12: تأمين حكومي | J12: متوسط
A13: محمود خالد | B13: 11 | C13: ذكر | D13: أنفلونزا | E13: د. محمد حسن | F13: 44948 | G13: 44961 | H13: 3852 | I13: بدون تأمين | J13: مرتفع
... A249: محمد خالد | B249: 17 | C249: أنثى | D249: سكري | E249: د. نور خالد | F249: 45273 | G249: 45275 | H249: 3852 | I249: بدون تأمين | J249: منخفض
